id,original_url,source_page,original_filename,local_path,size_bytes,format,category,classification,language_context,alt_text,visual_subject,current_usage,rights_or_provenance_note,replacement_strategy,replacement_asset,status
CBOS-AST-0001,https://cbos.gov.sd/sites/all/themes/cbos/logo.png,https://cbos.gov.sd/ar,logo.png,cbos-source-assets/original/other/other_001_logo.png,70096,png,other,CATEGORY 1 — OFFICIAL / DOCUMENTARY ASSET,ar,الرئيسية,logo.png,ar_home,Central Bank of Sudan Official Website Public Asset,PRESERVE,,PRESERVE
CBOS-AST-0002,https://cbos.gov.sd/sites/default/files/styles/home_page_slider/public/StratigicPlanning26-2030.png?itok=lq7eA-NX,https://cbos.gov.sd/ar,StratigicPlanning26-2030.png,cbos-source-assets/original/other/other_002_StratigicPlanning26-2030.png,636142,png,other,CATEGORY 2 — EDITORIAL / ATMOSPHERIC,ar,,StratigicPlanning26 2030.png,ar_home,Central Bank of Sudan Official Website Public Asset,REVIEW,,REVIEW
CBOS-AST-0003,https://cbos.gov.sd/sites/default/files/styles/home_page_slider/public/anniversary66.jpg?itok=ggsTuFt-,https://cbos.gov.sd/ar,anniversary66.jpg,cbos-source-assets/original/homepage/homepage_003_anniversary66.jpg,429170,jpg,homepage,CATEGORY 1 — OFFICIAL / DOCUMENTARY ASSET,ar,,anniversary66.jpg,ar_home,Central Bank of Sudan Official Website Public Asset,PRESERVE,,PRESERVE
CBOS-AST-0004,https://cbos.gov.sd/sites/default/files/styles/home_page_slider/public/2000front.jpg?itok=MABsb3An,https://cbos.gov.sd/ar,2000front.jpg,cbos-source-assets/original/currency/currency_004_2000front.jpg,433262,jpg,currency,CATEGORY 1 — OFFICIAL / DOCUMENTARY ASSET,ar,,2000front.jpg,ar_home,Central Bank of Sudan Official Website Public Asset,PRESERVE,,PRESERVE
CBOS-AST-0005,https://cbos.gov.sd/sites/default/files/styles/home_page_slider/public/500-front1_resized.jpg?itok=kmhq1-uJ,https://cbos.gov.sd/ar,500-front1_resized.jpg,cbos-source-assets/original/currency/currency_005_500-front1_resized.jpg,471229,jpg,currency,CATEGORY 1 — OFFICIAL / DOCUMENTARY ASSET,ar,,500 front1 resized.jpg,ar_home,Central Bank of Sudan Official Website Public Asset,PRESERVE,,PRESERVE
CBOS-AST-0006,https://cbos.gov.sd/sites/default/files/governor_home_page_final.png,https://cbos.gov.sd/ar,governor_home_page_final.png,cbos-source-assets/original/leadership/leadership_006_governor_home_page_final.png,1356090,png,leadership,CATEGORY 1 — OFFICIAL / DOCUMENTARY ASSET,ar,,governor home page final.png,ar_home,Central Bank of Sudan Official Website Public Asset,PRESERVE,,PRESERVE
CBOS-AST-0007,https://cbos.gov.sd/sites/default/files/headquarter.png,https://cbos.gov.sd/ar,headquarter.png,cbos-source-assets/original/buildings/buildings_007_headquarter.png,2258313,png,buildings,CATEGORY 1 — OFFICIAL / DOCUMENTARY ASSET,ar,,headquarter.png,ar_home,Central Bank of Sudan Official Website Public Asset,PRESERVE,,PRESERVE
CBOS-AST-0008,https://cbos.gov.sd/sites/default/files/home-page_1.jpg,https://cbos.gov.sd/ar,home-page_1.jpg,cbos-source-assets/original/homepage/homepage_008_home-page_1.jpg,33613,jpg,homepage,CATEGORY 1 — OFFICIAL / DOCUMENTARY ASSET,ar,,home page 1.jpg,ar_home,Central Bank of Sudan Official Website Public Asset,PRESERVE,,PRESERVE
CBOS-AST-0009,https://cbos.gov.sd/sites/default/files/Ramadan%20Kareem02.jpg,https://cbos.gov.sd/ar,Ramadan%20Kareem02.jpg,cbos-source-assets/original/other/other_009_Ramadan%20Kareem02.jpg,35753,jpg,other,CATEGORY 2 — EDITORIAL / ATMOSPHERIC,ar,,Ramadan%20Kareem02.jpg,ar_home,Central Bank of Sudan Official Website Public Asset,REVIEW,,REVIEW
CBOS-AST-0010,https://cbos.gov.sd/sites/default/files/styles/news_front_257_x_160/public/%D8%A7%D9%84%D8%B4%D8%B9%D8%A7%D8%B1%20%D8%A7%D8%B2%D8%B1%D9%82_14.jpg?itok=KgAuSPRZ,https://cbos.gov.sd/ar,%D8%A7%D9%84%D8%B4%D8%B9%D8%A7%D8%B1%20%D8%A7%D8%B2%D8%B1%D9%82_14.jpg,cbos-source-assets/original/other/other_010_%D8%A7%D9%84%D8%B4%D8%B9%D8%A7%D8%B1%20%D8%A7%D8%B2%D8%B1%D9%82_14.jpg,52772,jpg,other,CATEGORY 2 — EDITORIAL / ATMOSPHERIC,ar,,%D8%A7%D9%84%D8%B4%D8%B9%D8%A7%D8%B1%20%D8%A7%D8%B2%D8%B1%D9%82 14.jpg,ar_home,Central Bank of Sudan Official Website Public Asset,REVIEW,,REVIEW
CBOS-AST-0011,https://cbos.gov.sd/sites/default/files/styles/news_front_257_x_160/public/%D8%A7%D9%84%D8%B4%D8%B9%D8%A7%D8%B1%20%D8%A7%D8%B2%D8%B1%D9%82_11.jpg?itok=kV2e8Ngs,https://cbos.gov.sd/ar,%D8%A7%D9%84%D8%B4%D8%B9%D8%A7%D8%B1%20%D8%A7%D8%B2%D8%B1%D9%82_11.jpg,cbos-source-assets/original/other/other_011_%D8%A7%D9%84%D8%B4%D8%B9%D8%A7%D8%B1%20%D8%A7%D8%B2%D8%B1%D9%82_11.jpg,52772,jpg,other,CATEGORY 2 — EDITORIAL / ATMOSPHERIC,ar,,%D8%A7%D9%84%D8%B4%D8%B9%D8%A7%D8%B1%20%D8%A7%D8%B2%D8%B1%D9%82 11.jpg,ar_home,Central Bank of Sudan Official Website Public Asset,REVIEW,,REVIEW
CBOS-AST-0012,https://cbos.gov.sd/sites/default/files/styles/important_subjects/public/%D8%A7%D9%84%D8%B4%D8%B9%D8%A7%D8%B1%20%D8%A7%D8%B2%D8%B1%D9%82_3.jpg?itok=hQR3SeNJ,https://cbos.gov.sd/ar,%D8%A7%D9%84%D8%B4%D8%B9%D8%A7%D8%B1%20%D8%A7%D8%B2%D8%B1%D9%82_3.jpg,cbos-source-assets/original/other/other_012_%D8%A7%D9%84%D8%B4%D8%B9%D8%A7%D8%B1%20%D8%A7%D8%B2%D8%B1%D9%82_3.jpg,26357,jpg,other,CATEGORY 2 — EDITORIAL / ATMOSPHERIC,ar,,%D8%A7%D9%84%D8%B4%D8%B9%D8%A7%D8%B1%20%D8%A7%D8%B2%D8%B1%D9%82 3.jpg,ar_home,Central Bank of Sudan Official Website Public Asset,REVIEW,,REVIEW
CBOS-AST-0013,https://cbos.gov.sd/sites/default/files/styles/important_subjects/public/WhatsApp%20Image%202024-12-21%20at%2012.26.02_c0d29d0d_1.jpg?itok=Mp-sBb5K,https://cbos.gov.sd/ar,WhatsApp%20Image%202024-12-21%20at%2012.26.02_c0d29d0d_1.jpg,cbos-source-assets/original/other/other_013_WhatsApp%20Image%202024-12-21%20at%2012.26.02_c0d29d0d_1.jpg,26979,jpg,other,CATEGORY 2 — EDITORIAL / ATMOSPHERIC,ar,,WhatsApp%20Image%202024 12 21%20at%2012.26.02 c0d29d0d 1.jpg,ar_home,Central Bank of Sudan Official Website Public Asset,REVIEW,,REVIEW
CBOS-AST-0014,https://cbos.gov.sd/sites/default/files/styles/important_subjects/public/CBOS%2520logo%2520Black_6_17_10_1_38_52.jpg?itok=M5PPAdPV,https://cbos.gov.sd/ar,CBOS%2520logo%2520Black_6_17_10_1_38_52.jpg,cbos-source-assets/original/other/other_014_CBOS%2520logo%2520Black_6_17_10_1_38_52.jpg,21860,jpg,other,CATEGORY 1 — OFFICIAL / DOCUMENTARY ASSET,ar,,CBOS%2520logo%2520Black 6 17 10 1 38 52.jpg,ar_home,Central Bank of Sudan Official Website Public Asset,PRESERVE,,PRESERVE
CBOS-AST-0015,https://cbos.gov.sd/sites/default/files/styles/important_subjects/public/1_4.png?itok=bmAIep21,https://cbos.gov.sd/ar,1_4.png,cbos-source-assets/original/other/other_015_1_4.png,35523,png,other,CATEGORY 2 — EDITORIAL / ATMOSPHERIC,ar,,1 4.png,ar_home,Central Bank of Sudan Official Website Public Asset,REVIEW,,REVIEW
CBOS-AST-0016,https://cbos.gov.sd/sites/default/files/styles/important_subjects/public/2_2.png?itok=40ueL4Ig,https://cbos.gov.sd/ar,2_2.png,cbos-source-assets/original/other/other_016_2_2.png,22920,png,other,CATEGORY 2 — EDITORIAL / ATMOSPHERIC,ar,,2 2.png,ar_home,Central Bank of Sudan Official Website Public Asset,REVIEW,,REVIEW
CBOS-AST-0017,https://cbos.gov.sd/sites/default/files/styles/important_subjects/public/3_2.png?itok=k7tGG8Vx,https://cbos.gov.sd/ar,3_2.png,cbos-source-assets/original/other/other_017_3_2.png,10664,png,other,CATEGORY 2 — EDITORIAL / ATMOSPHERIC,ar,,3 2.png,ar_home,Central Bank of Sudan Official Website Public Asset,REVIEW,,REVIEW
CBOS-AST-0018,https://cbos.gov.sd/sites/default/files/styles/periodicals_and_publications/public/annua_ar.jpg?itok=ZKzBu-Gs,https://cbos.gov.sd/ar,annua_ar.jpg,cbos-source-assets/original/other/other_018_annua_ar.jpg,42522,jpg,other,CATEGORY 2 — EDITORIAL / ATMOSPHERIC,ar,,annua ar.jpg,ar_home,Central Bank of Sudan Official Website Public Asset,REVIEW,,REVIEW
CBOS-AST-0019,https://cbos.gov.sd/sites/default/files/styles/periodicals_and_publications/public/CBOS%20logo%20Black_6_17_10_1_1_0_0.jpg?itok=AwYLzB_8,https://cbos.gov.sd/ar,CBOS%20logo%20Black_6_17_10_1_1_0_0.jpg,cbos-source-assets/original/other/other_019_CBOS%20logo%20Black_6_17_10_1_1_0_0.jpg,59548,jpg,other,CATEGORY 1 — OFFICIAL / DOCUMENTARY ASSET,ar,,CBOS%20logo%20Black 6 17 10 1 1 0 0.jpg,ar_home,Central Bank of Sudan Official Website Public Asset,PRESERVE,,PRESERVE
CBOS-AST-0020,https://cbos.gov.sd/sites/default/files/styles/periodicals_and_publications/public/bulitin%20cover_1.jpg?itok=VniMYHFz,https://cbos.gov.sd/ar,bulitin%20cover_1.jpg,cbos-source-assets/original/other/other_020_bulitin%20cover_1.jpg,51381,jpg,other,CATEGORY 2 — EDITORIAL / ATMOSPHERIC,ar,,bulitin%20cover 1.jpg,ar_home,Central Bank of Sudan Official Website Public Asset,REVIEW,,REVIEW
CBOS-AST-0021,https://cbos.gov.sd/sites/default/files/styles/periodicals_and_publications/public/digest%20cover_1_0.jpg?itok=GRl5_C03,https://cbos.gov.sd/ar,digest%20cover_1_0.jpg,cbos-source-assets/original/publications/publications_021_digest%20cover_1_0.jpg,51820,jpg,publications,CATEGORY 1 — OFFICIAL / DOCUMENTARY ASSET,ar,,digest%20cover 1 0.jpg,ar_home,Central Bank of Sudan Official Website Public Asset,PRESERVE,,PRESERVE
CBOS-AST-0022,https://cbos.gov.sd/sites/default/files/styles/periodicals_and_publications/public/MASRAFI01_0.jpg?itok=i-qZ3mB6,https://cbos.gov.sd/ar,MASRAFI01_0.jpg,cbos-source-assets/original/publications/publications_022_MASRAFI01_0.jpg,68050,jpg,publications,CATEGORY 1 — OFFICIAL / DOCUMENTARY ASSET,ar,,MASRAFI01 0.jpg,ar_home,Central Bank of Sudan Official Website Public Asset,PRESERVE,,PRESERVE
CBOS-AST-0023,https://cbos.gov.sd/sites/default/files/styles/periodicals_and_publications/public/Markazi_CBOS_0_0.png?itok=xcqWPHfw,https://cbos.gov.sd/ar,Markazi_CBOS_0_0.png,cbos-source-assets/original/other/other_023_Markazi_CBOS_0_0.png,122469,png,other,CATEGORY 2 — EDITORIAL / ATMOSPHERIC,ar,,Markazi CBOS 0 0.png,ar_home,Central Bank of Sudan Official Website Public Asset,REVIEW,,REVIEW
CBOS-AST-0024,https://cbos.gov.sd/sites/default/files/styles/periodicals_and_publications/public/nashra_a_e_0.jpg?itok=pNVn4vxP,https://cbos.gov.sd/ar,nashra_a_e_0.jpg,cbos-source-assets/original/publications/publications_024_nashra_a_e_0.jpg,64572,jpg,publications,CATEGORY 1 — OFFICIAL / DOCUMENTARY ASSET,ar,,nashra a e 0.jpg,ar_home,Central Bank of Sudan Official Website Public Asset,PRESERVE,,PRESERVE
CBOS-AST-0025,https://cbos.gov.sd/sites/default/files/styles/periodicals_and_publications/public/STUDIES_ar_0.jpg?itok=vCztIFcq,https://cbos.gov.sd/ar,STUDIES_ar_0.jpg,cbos-source-assets/original/other/other_025_STUDIES_ar_0.jpg,44681,jpg,other,CATEGORY 2 — EDITORIAL / ATMOSPHERIC,ar,,STUDIES ar 0.jpg,ar_home,Central Bank of Sudan Official Website Public Asset,REVIEW,,REVIEW
CBOS-AST-0026,https://cbos.gov.sd/sites/default/files/styles/periodicals_and_publications/public/PIN_0.jpg?itok=Dzbi6p1Z,https://cbos.gov.sd/ar,PIN_0.jpg,cbos-source-assets/original/other/other_026_PIN_0.jpg,36256,jpg,other,CATEGORY 2 — EDITORIAL / ATMOSPHERIC,ar,,PIN 0.jpg,ar_home,Central Bank of Sudan Official Website Public Asset,REVIEW,,REVIEW
CBOS-AST-0027,https://cbos.gov.sd/sites/default/files/styles/periodicals_and_publications/public/cc4_4_14.png?itok=1g3yEXrt,https://cbos.gov.sd/ar,cc4_4_14.png,cbos-source-assets/original/other/other_027_cc4_4_14.png,128286,png,other,CATEGORY 2 — EDITORIAL / ATMOSPHERIC,ar,,cc4 4 14.png,ar_home,Central Bank of Sudan Official Website Public Asset,REVIEW,,REVIEW
CBOS-AST-0028,https://cbos.gov.sd/sites/default/files/styles/periodicals_and_publications/public/cc4_2_0.png?itok=weO4fTvS,https://cbos.gov.sd/ar,cc4_2_0.png,cbos-source-assets/original/other/other_028_cc4_2_0.png,128520,png,other,CATEGORY 2 — EDITORIAL / ATMOSPHERIC,ar,,cc4 2 0.png,ar_home,Central Bank of Sudan Official Website Public Asset,REVIEW,,REVIEW
CBOS-AST-0029,https://cbos.gov.sd/sites/default/files/styles/third_home_content/public/default_images/Icon_90x100_0.png?itok=ktYhawdE,https://cbos.gov.sd/ar,Icon_90x100_0.png,cbos-source-assets/original/currency/currency_029_Icon_90x100_0.png,11060,png,currency,CATEGORY 1 — OFFICIAL / DOCUMENTARY ASSET,ar,,Icon 90x100 0.png,ar_home,Central Bank of Sudan Official Website Public Asset,PRESERVE,,PRESERVE
CBOS-AST-0030,https://cbos.gov.sd/sites/default/files/styles/home_page_slider/public/2000back.jpg?itok=r7UIUf9f,https://cbos.gov.sd/en,2000back.jpg,cbos-source-assets/original/currency/currency_030_2000back.jpg,447325,jpg,currency,CATEGORY 1 — OFFICIAL / DOCUMENTARY ASSET,en,,2000back.jpg,en_home,Central Bank of Sudan Official Website Public Asset,PRESERVE,,PRESERVE
CBOS-AST-0031,https://cbos.gov.sd/sites/default/files/governor_home_page_final_0.png,https://cbos.gov.sd/en,governor_home_page_final_0.png,cbos-source-assets/original/leadership/leadership_031_governor_home_page_final_0.png,1356090,png,leadership,CATEGORY 1 — OFFICIAL / DOCUMENTARY ASSET,en,,governor home page final 0.png,en_home,Central Bank of Sudan Official Website Public Asset,PRESERVE,,PRESERVE
CBOS-AST-0032,https://cbos.gov.sd/sites/default/files/home-page-currencies.png,https://cbos.gov.sd/en,home-page-currencies.png,cbos-source-assets/original/homepage/homepage_032_home-page-currencies.png,151086,png,homepage,CATEGORY 1 — OFFICIAL / DOCUMENTARY ASSET,en,,home page currencies.png,en_home,Central Bank of Sudan Official Website Public Asset,PRESERVE,,PRESERVE
CBOS-AST-0033,https://cbos.gov.sd/sites/default/files/styles/news_front_257_x_160/public/logo_1.jpg?itok=Z8uC5bbm,https://cbos.gov.sd/en,logo_1.jpg,cbos-source-assets/original/other/other_033_logo_1.jpg,75245,jpg,other,CATEGORY 1 — OFFICIAL / DOCUMENTARY ASSET,en,,logo 1.jpg,en_home,Central Bank of Sudan Official Website Public Asset,PRESERVE,,PRESERVE
CBOS-AST-0034,https://cbos.gov.sd/sites/default/files/styles/important_subjects/public/6.png?itok=yd8C_S7W,https://cbos.gov.sd/en,6.png,cbos-source-assets/original/other/other_034_6.png,10591,png,other,CATEGORY 2 — EDITORIAL / ATMOSPHERIC,en,,6.png,en_home,Central Bank of Sudan Official Website Public Asset,REVIEW,,REVIEW
CBOS-AST-0035,https://cbos.gov.sd/sites/default/files/styles/important_subjects/public/5.png?itok=_i7dGbzV,https://cbos.gov.sd/en,5.png,cbos-source-assets/original/other/other_035_5.png,20033,png,other,CATEGORY 2 — EDITORIAL / ATMOSPHERIC,en,,5.png,en_home,Central Bank of Sudan Official Website Public Asset,REVIEW,,REVIEW
CBOS-AST-0036,https://cbos.gov.sd/sites/default/files/styles/important_subjects/public/4_2.png?itok=p81kkz1e,https://cbos.gov.sd/en,4_2.png,cbos-source-assets/original/other/other_036_4_2.png,32426,png,other,CATEGORY 2 — EDITORIAL / ATMOSPHERIC,en,,4 2.png,en_home,Central Bank of Sudan Official Website Public Asset,REVIEW,,REVIEW
CBOS-AST-0037,https://cbos.gov.sd/sites/default/files/styles/important_subjects/public/3_1.png?itok=2dT8TscC,https://cbos.gov.sd/en,3_1.png,cbos-source-assets/original/other/other_037_3_1.png,10664,png,other,CATEGORY 2 — EDITORIAL / ATMOSPHERIC,en,,3 1.png,en_home,Central Bank of Sudan Official Website Public Asset,REVIEW,,REVIEW
CBOS-AST-0038,https://cbos.gov.sd/sites/default/files/styles/important_subjects/public/2_1.png?itok=k5ZTeqMF,https://cbos.gov.sd/en,2_1.png,cbos-source-assets/original/other/other_038_2_1.png,22920,png,other,CATEGORY 2 — EDITORIAL / ATMOSPHERIC,en,,2 1.png,en_home,Central Bank of Sudan Official Website Public Asset,REVIEW,,REVIEW
CBOS-AST-0039,https://cbos.gov.sd/sites/default/files/styles/important_subjects/public/1_3.png?itok=A1mi8cdn,https://cbos.gov.sd/en,1_3.png,cbos-source-assets/original/other/other_039_1_3.png,35523,png,other,CATEGORY 2 — EDITORIAL / ATMOSPHERIC,en,,1 3.png,en_home,Central Bank of Sudan Official Website Public Asset,REVIEW,,REVIEW
CBOS-AST-0040,https://cbos.gov.sd/sites/default/files/styles/periodicals_and_publications/public/annua_en.jpg?itok=A9ux51sF,https://cbos.gov.sd/en,annua_en.jpg,cbos-source-assets/original/other/other_040_annua_en.jpg,41850,jpg,other,CATEGORY 2 — EDITORIAL / ATMOSPHERIC,en,,annua en.jpg,en_home,Central Bank of Sudan Official Website Public Asset,REVIEW,,REVIEW
CBOS-AST-0041,https://cbos.gov.sd/sites/default/files/styles/periodicals_and_publications/public/bulitin%20cover_1_0.jpg?itok=OEzDA6t0,https://cbos.gov.sd/en,bulitin%20cover_1_0.jpg,cbos-source-assets/original/other/other_041_bulitin%20cover_1_0.jpg,51381,jpg,other,CATEGORY 2 — EDITORIAL / ATMOSPHERIC,en,,bulitin%20cover 1 0.jpg,en_home,Central Bank of Sudan Official Website Public Asset,REVIEW,,REVIEW
CBOS-AST-0042,https://cbos.gov.sd/sites/default/files/styles/periodicals_and_publications/public/digest%20cover_1.jpg?itok=rTBRg-Gx,https://cbos.gov.sd/en,digest%20cover_1.jpg,cbos-source-assets/original/publications/publications_042_digest%20cover_1.jpg,51820,jpg,publications,CATEGORY 1 — OFFICIAL / DOCUMENTARY ASSET,en,,digest%20cover 1.jpg,en_home,Central Bank of Sudan Official Website Public Asset,PRESERVE,,PRESERVE
CBOS-AST-0043,https://cbos.gov.sd/sites/default/files/styles/periodicals_and_publications/public/MASRAFI01_0_0.jpg?itok=gCmVmneq,https://cbos.gov.sd/en,MASRAFI01_0_0.jpg,cbos-source-assets/original/publications/publications_043_MASRAFI01_0_0.jpg,68050,jpg,publications,CATEGORY 1 — OFFICIAL / DOCUMENTARY ASSET,en,,MASRAFI01 0 0.jpg,en_home,Central Bank of Sudan Official Website Public Asset,PRESERVE,,PRESERVE
CBOS-AST-0044,https://cbos.gov.sd/sites/default/files/styles/periodicals_and_publications/public/nashra_a_e_0_0.jpg?itok=jN6Z6pez,https://cbos.gov.sd/en,nashra_a_e_0_0.jpg,cbos-source-assets/original/publications/publications_044_nashra_a_e_0_0.jpg,64572,jpg,publications,CATEGORY 1 — OFFICIAL / DOCUMENTARY ASSET,en,,nashra a e 0 0.jpg,en_home,Central Bank of Sudan Official Website Public Asset,PRESERVE,,PRESERVE
CBOS-AST-0045,https://cbos.gov.sd/sites/default/files/styles/periodicals_and_publications/public/Markazi_CBOS_0.png?itok=DOtVYOPY,https://cbos.gov.sd/en,Markazi_CBOS_0.png,cbos-source-assets/original/other/other_045_Markazi_CBOS_0.png,122469,png,other,CATEGORY 2 — EDITORIAL / ATMOSPHERIC,en,,Markazi CBOS 0.png,en_home,Central Bank of Sudan Official Website Public Asset,REVIEW,,REVIEW
CBOS-AST-0046,https://cbos.gov.sd/sites/default/files/styles/periodicals_and_publications/public/cc4_4_14_0.png?itok=cdV3Ey5m,https://cbos.gov.sd/en,cc4_4_14_0.png,cbos-source-assets/original/other/other_046_cc4_4_14_0.png,128286,png,other,CATEGORY 2 — EDITORIAL / ATMOSPHERIC,en,,cc4 4 14 0.png,en_home,Central Bank of Sudan Official Website Public Asset,REVIEW,,REVIEW
CBOS-AST-0047,https://cbos.gov.sd/sites/default/files/styles/periodicals_and_publications/public/cc4_2.png?itok=pTvuT9-L,https://cbos.gov.sd/en,cc4_2.png,cbos-source-assets/original/other/other_047_cc4_2.png,128520,png,other,CATEGORY 2 — EDITORIAL / ATMOSPHERIC,en,,cc4 2.png,en_home,Central Bank of Sudan Official Website Public Asset,REVIEW,,REVIEW
CBOS-AST-0048,https://cbos.gov.sd/sites/default/files/styles/periodicals_and_publications/public/cc4_3.png?itok=SrRVRjUz,https://cbos.gov.sd/en,cc4_3.png,cbos-source-assets/original/other/other_048_cc4_3.png,128520,png,other,CATEGORY 2 — EDITORIAL / ATMOSPHERIC,en,,cc4 3.png,en_home,Central Bank of Sudan Official Website Public Asset,REVIEW,,REVIEW
CBOS-AST-0049,https://cbos.gov.sd/sites/all/themes/cbos/images/Logo-inner.png,https://cbos.gov.sd/ar/periodicals-publications,Logo-inner.png,cbos-source-assets/original/other/other_049_Logo-inner.png,8777,png,other,CATEGORY 1 — OFFICIAL / DOCUMENTARY ASSET,ar,,Logo inner.png,ar_pub,Central Bank of Sudan Official Website Public Asset,PRESERVE,,PRESERVE
CBOS-AST-0050,https://cbos.gov.sd/sites/default/files/styles/publications_255_x_171/public/%D8%A7%D9%84%D8%B4%D8%B9%D8%A7%D8%B1%20%D8%A7%D8%B2%D8%B1%D9%82%20%28002%29_1.jpg?itok=OlO4CM-v,https://cbos.gov.sd/ar/periodicals-publications,%D8%A7%D9%84%D8%B4%D8%B9%D8%A7%D8%B1%20%D8%A7%D8%B2%D8%B1%D9%82%20%28002%29_1.jpg,cbos-source-assets/original/other/other_050_%D8%A7%D9%84%D8%B4%D8%B9%D8%A7%D8%B1%20%D8%A7%D8%B2%D8%B1%D9%82%20%28002%29_1.jpg,52256,jpg,other,CATEGORY 2 — EDITORIAL / ATMOSPHERIC,ar,,%D8%A7%D9%84%D8%B4%D8%B9%D8%A7%D8%B1%20%D8%A7%D8%B2%D8%B1%D9%82%20%28002%29 1.jpg,ar_pub,Central Bank of Sudan Official Website Public Asset,REVIEW,,REVIEW
CBOS-AST-0051,https://cbos.gov.sd/sites/default/files/styles/publications_255_x_171/public/%D8%A7%D9%84%D8%B4%D8%B9%D8%A7%D8%B1%20%D8%A7%D8%B2%D8%B1%D9%82_13.jpg?itok=MqpCJanT,https://cbos.gov.sd/ar/periodicals-publications,%D8%A7%D9%84%D8%B4%D8%B9%D8%A7%D8%B1%20%D8%A7%D8%B2%D8%B1%D9%82_13.jpg,cbos-source-assets/original/other/other_051_%D8%A7%D9%84%D8%B4%D8%B9%D8%A7%D8%B1%20%D8%A7%D8%B2%D8%B1%D9%82_13.jpg,52942,jpg,other,CATEGORY 2 — EDITORIAL / ATMOSPHERIC,ar,,%D8%A7%D9%84%D8%B4%D8%B9%D8%A7%D8%B1%20%D8%A7%D8%B2%D8%B1%D9%82 13.jpg,ar_pub,Central Bank of Sudan Official Website Public Asset,REVIEW,,REVIEW
CBOS-AST-0052,https://cbos.gov.sd/sites/default/files/styles/publications_255_x_171/public/%D8%A7%D9%84%D8%B4%D8%B9%D8%A7%D8%B1%20%D8%A7%D8%B2%D8%B1%D9%82%20%28002%29_0.jpg?itok=w7U-A68d,https://cbos.gov.sd/ar/periodicals-publications,%D8%A7%D9%84%D8%B4%D8%B9%D8%A7%D8%B1%20%D8%A7%D8%B2%D8%B1%D9%82%20%28002%29_0.jpg,cbos-source-assets/original/other/other_052_%D8%A7%D9%84%D8%B4%D8%B9%D8%A7%D8%B1%20%D8%A7%D8%B2%D8%B1%D9%82%20%28002%29_0.jpg,52256,jpg,other,CATEGORY 2 — EDITORIAL / ATMOSPHERIC,ar,,%D8%A7%D9%84%D8%B4%D8%B9%D8%A7%D8%B1%20%D8%A7%D8%B2%D8%B1%D9%82%20%28002%29 0.jpg,ar_pub,Central Bank of Sudan Official Website Public Asset,REVIEW,,REVIEW
CBOS-AST-0053,https://cbos.gov.sd/sites/default/files/styles/publications_255_x_171/public/%D8%B4%D8%B9%D8%A7%D8%B1%20%D8%A7%D9%84%D8%A8%D9%86%D9%83_4.jpg?itok=St16KNCK,https://cbos.gov.sd/ar/periodicals-publications,%D8%B4%D8%B9%D8%A7%D8%B1%20%D8%A7%D9%84%D8%A8%D9%86%D9%83_4.jpg,cbos-source-assets/original/other/other_053_%D8%B4%D8%B9%D8%A7%D8%B1%20%D8%A7%D9%84%D8%A8%D9%86%D9%83_4.jpg,41110,jpg,other,CATEGORY 2 — EDITORIAL / ATMOSPHERIC,ar,,%D8%B4%D8%B9%D8%A7%D8%B1%20%D8%A7%D9%84%D8%A8%D9%86%D9%83 4.jpg,ar_pub,Central Bank of Sudan Official Website Public Asset,REVIEW,,REVIEW
CBOS-AST-0054,https://cbos.gov.sd/sites/default/files/styles/publications_255_x_171/public/%D8%B4%D8%B9%D8%A7%D8%B1%20%D8%A7%D9%84%D8%A8%D9%86%D9%83_0%20%281%29_3_10.jpg?itok=8JkevQ0M,https://cbos.gov.sd/ar/periodicals-publications,%D8%B4%D8%B9%D8%A7%D8%B1%20%D8%A7%D9%84%D8%A8%D9%86%D9%83_0%20%281%29_3_10.jpg,cbos-source-assets/original/other/other_054_%D8%B4%D8%B9%D8%A7%D8%B1%20%D8%A7%D9%84%D8%A8%D9%86%D9%83_0%20%281%29_3_10.jpg,39701,jpg,other,CATEGORY 2 — EDITORIAL / ATMOSPHERIC,ar,,%D8%B4%D8%B9%D8%A7%D8%B1%20%D8%A7%D9%84%D8%A8%D9%86%D9%83 0%20%281%29 3 10.jpg,ar_pub,Central Bank of Sudan Official Website Public Asset,REVIEW,,REVIEW
CBOS-AST-0055,https://cbos.gov.sd/sites/default/files/styles/publications_255_x_171/public/%D8%B4%D8%B9%D8%A7%D8%B1%20%D8%A7%D9%84%D8%A8%D9%86%D9%83_0%20%281%29_3_9.jpg?itok=-6MIuWHL,https://cbos.gov.sd/ar/periodicals-publications,%D8%B4%D8%B9%D8%A7%D8%B1%20%D8%A7%D9%84%D8%A8%D9%86%D9%83_0%20%281%29_3_9.jpg,cbos-source-assets/original/other/other_055_%D8%B4%D8%B9%D8%A7%D8%B1%20%D8%A7%D9%84%D8%A8%D9%86%D9%83_0%20%281%29_3_9.jpg,39701,jpg,other,CATEGORY 2 — EDITORIAL / ATMOSPHERIC,ar,,%D8%B4%D8%B9%D8%A7%D8%B1%20%D8%A7%D9%84%D8%A8%D9%86%D9%83 0%20%281%29 3 9.jpg,ar_pub,Central Bank of Sudan Official Website Public Asset,REVIEW,,REVIEW
CBOS-AST-0056,https://cbos.gov.sd/sites/default/files/styles/publications_255_x_171/public/CBOS-LOGO_9.jpg?itok=cjY9LDwV,https://cbos.gov.sd/ar/periodicals-publications,CBOS-LOGO_9.jpg,cbos-source-assets/original/other/other_056_CBOS-LOGO_9.jpg,47306,jpg,other,CATEGORY 1 — OFFICIAL / DOCUMENTARY ASSET,ar,,CBOS LOGO 9.jpg,ar_pub,Central Bank of Sudan Official Website Public Asset,PRESERVE,,PRESERVE
CBOS-AST-0057,https://cbos.gov.sd/sites/default/files/styles/publications_255_x_171/public/CBOS-LOGO_8.jpg?itok=XDRDu-j6,https://cbos.gov.sd/ar/periodicals-publications,CBOS-LOGO_8.jpg,cbos-source-assets/original/other/other_057_CBOS-LOGO_8.jpg,47306,jpg,other,CATEGORY 1 — OFFICIAL / DOCUMENTARY ASSET,ar,,CBOS LOGO 8.jpg,ar_pub,Central Bank of Sudan Official Website Public Asset,PRESERVE,,PRESERVE
CBOS-AST-0058,https://cbos.gov.sd/sites/default/files/styles/publications_255_x_171/public/%D8%B4%D8%B9%D8%A7%D8%B1%20%D8%A7%D9%84%D8%A8%D9%86%D9%83_0%20%281%29_4.jpg?itok=vR14pWJf,https://cbos.gov.sd/ar/periodicals-publications,%D8%B4%D8%B9%D8%A7%D8%B1%20%D8%A7%D9%84%D8%A8%D9%86%D9%83_0%20%281%29_4.jpg,cbos-source-assets/original/other/other_058_%D8%B4%D8%B9%D8%A7%D8%B1%20%D8%A7%D9%84%D8%A8%D9%86%D9%83_0%20%281%29_4.jpg,39701,jpg,other,CATEGORY 2 — EDITORIAL / ATMOSPHERIC,ar,,%D8%B4%D8%B9%D8%A7%D8%B1%20%D8%A7%D9%84%D8%A8%D9%86%D9%83 0%20%281%29 4.jpg,ar_pub,Central Bank of Sudan Official Website Public Asset,REVIEW,,REVIEW
CBOS-AST-0059,https://cbos.gov.sd/sites/default/files/styles/publications_255_x_171/public/CBOS-LOGO_7.jpg?itok=qsOls3IK,https://cbos.gov.sd/ar/periodicals-publications,CBOS-LOGO_7.jpg,cbos-source-assets/original/other/other_059_CBOS-LOGO_7.jpg,47306,jpg,other,CATEGORY 1 — OFFICIAL / DOCUMENTARY ASSET,ar,,CBOS LOGO 7.jpg,ar_pub,Central Bank of Sudan Official Website Public Asset,PRESERVE,,PRESERVE
CBOS-AST-0060,https://cbos.gov.sd/sites/default/files/styles/publications_255_x_171/public/%D8%B4%D8%B9%D8%A7%D8%B1%20%D8%A7%D9%84%D8%A8%D9%86%D9%83_5.jpg?itok=PJkC07i2,https://cbos.gov.sd/ar/periodicals-publications,%D8%B4%D8%B9%D8%A7%D8%B1%20%D8%A7%D9%84%D8%A8%D9%86%D9%83_5.jpg,cbos-source-assets/original/other/other_060_%D8%B4%D8%B9%D8%A7%D8%B1%20%D8%A7%D9%84%D8%A8%D9%86%D9%83_5.jpg,41110,jpg,other,CATEGORY 2 — EDITORIAL / ATMOSPHERIC,ar,,%D8%B4%D8%B9%D8%A7%D8%B1%20%D8%A7%D9%84%D8%A8%D9%86%D9%83 5.jpg,ar_pub,Central Bank of Sudan Official Website Public Asset,REVIEW,,REVIEW
CBOS-AST-0061,https://cbos.gov.sd/sites/default/files/styles/publications_255_x_171/public/%D8%B4%D8%B9%D8%A7%D8%B1%20%D8%A7%D9%84%D8%A8%D9%86%D9%83_0_1.jpg?itok=dL7p2LNM,https://cbos.gov.sd/ar/periodicals-publications,%D8%B4%D8%B9%D8%A7%D8%B1%20%D8%A7%D9%84%D8%A8%D9%86%D9%83_0_1.jpg,cbos-source-assets/original/other/other_061_%D8%B4%D8%B9%D8%A7%D8%B1%20%D8%A7%D9%84%D8%A8%D9%86%D9%83_0_1.jpg,39701,jpg,other,CATEGORY 2 — EDITORIAL / ATMOSPHERIC,ar,,%D8%B4%D8%B9%D8%A7%D8%B1%20%D8%A7%D9%84%D8%A8%D9%86%D9%83 0 1.jpg,ar_pub,Central Bank of Sudan Official Website Public Asset,REVIEW,,REVIEW
CBOS-AST-0062,https://cbos.gov.sd/sites/default/files/styles/publications_255_x_171/public/%D8%B4%D8%B9%D8%A7%D8%B1%20%D8%A7%D9%84%D8%A8%D9%86%D9%83_0%20%281%29_3_5.jpg?itok=68DJ3NWw,https://cbos.gov.sd/ar/periodicals-publications,%D8%B4%D8%B9%D8%A7%D8%B1%20%D8%A7%D9%84%D8%A8%D9%86%D9%83_0%20%281%29_3_5.jpg,cbos-source-assets/original/other/other_062_%D8%B4%D8%B9%D8%A7%D8%B1%20%D8%A7%D9%84%D8%A8%D9%86%D9%83_0%20%281%29_3_5.jpg,39701,jpg,other,CATEGORY 2 — EDITORIAL / ATMOSPHERIC,ar,,%D8%B4%D8%B9%D8%A7%D8%B1%20%D8%A7%D9%84%D8%A8%D9%86%D9%83 0%20%281%29 3 5.jpg,ar_pub,Central Bank of Sudan Official Website Public Asset,REVIEW,,REVIEW
CBOS-AST-0063,https://cbos.gov.sd/sites/default/files/styles/publications_255_x_171/public/%D8%B4%D8%B9%D8%A7%D8%B1%20%D8%A7%D9%84%D8%A8%D9%86%D9%83_0%20%281%29_3_2.jpg?itok=291rbUGN,https://cbos.gov.sd/ar/periodicals-publications,%D8%B4%D8%B9%D8%A7%D8%B1%20%D8%A7%D9%84%D8%A8%D9%86%D9%83_0%20%281%29_3_2.jpg,cbos-source-assets/original/other/other_063_%D8%B4%D8%B9%D8%A7%D8%B1%20%D8%A7%D9%84%D8%A8%D9%86%D9%83_0%20%281%29_3_2.jpg,39701,jpg,other,CATEGORY 2 — EDITORIAL / ATMOSPHERIC,ar,,%D8%B4%D8%B9%D8%A7%D8%B1%20%D8%A7%D9%84%D8%A8%D9%86%D9%83 0%20%281%29 3 2.jpg,ar_pub,Central Bank of Sudan Official Website Public Asset,REVIEW,,REVIEW
CBOS-AST-0064,https://cbos.gov.sd/sites/default/files/styles/publications_255_x_171/public/%D8%B4%D8%B9%D8%A7%D8%B1%20%D8%A7%D9%84%D8%A8%D9%86%D9%83_0%20%281%29_3_1.jpg?itok=tlaDtECn,https://cbos.gov.sd/ar/periodicals-publications,%D8%B4%D8%B9%D8%A7%D8%B1%20%D8%A7%D9%84%D8%A8%D9%86%D9%83_0%20%281%29_3_1.jpg,cbos-source-assets/original/other/other_064_%D8%B4%D8%B9%D8%A7%D8%B1%20%D8%A7%D9%84%D8%A8%D9%86%D9%83_0%20%281%29_3_1.jpg,39701,jpg,other,CATEGORY 2 — EDITORIAL / ATMOSPHERIC,ar,,%D8%B4%D8%B9%D8%A7%D8%B1%20%D8%A7%D9%84%D8%A8%D9%86%D9%83 0%20%281%29 3 1.jpg,ar_pub,Central Bank of Sudan Official Website Public Asset,REVIEW,,REVIEW
CBOS-AST-0065,https://cbos.gov.sd/sites/default/files/styles/publications_255_x_171/public/%D8%B4%D8%B9%D8%A7%D8%B1%20%D8%A7%D9%84%D8%A8%D9%86%D9%83_0%20%281%29_3_0.jpg?itok=-0UHDhC7,https://cbos.gov.sd/ar/periodicals-publications,%D8%B4%D8%B9%D8%A7%D8%B1%20%D8%A7%D9%84%D8%A8%D9%86%D9%83_0%20%281%29_3_0.jpg,cbos-source-assets/original/other/other_065_%D8%B4%D8%B9%D8%A7%D8%B1%20%D8%A7%D9%84%D8%A8%D9%86%D9%83_0%20%281%29_3_0.jpg,39701,jpg,other,CATEGORY 2 — EDITORIAL / ATMOSPHERIC,ar,,%D8%B4%D8%B9%D8%A7%D8%B1%20%D8%A7%D9%84%D8%A8%D9%86%D9%83 0%20%281%29 3 0.jpg,ar_pub,Central Bank of Sudan Official Website Public Asset,REVIEW,,REVIEW
CBOS-AST-0066,https://cbos.gov.sd/sites/default/files/styles/publications_255_x_171/public/CBOS-LOGO_5.jpg?itok=W95jb_m2,https://cbos.gov.sd/ar/periodicals-publications,CBOS-LOGO_5.jpg,cbos-source-assets/original/other/other_066_CBOS-LOGO_5.jpg,47306,jpg,other,CATEGORY 1 — OFFICIAL / DOCUMENTARY ASSET,ar,,CBOS LOGO 5.jpg,ar_pub,Central Bank of Sudan Official Website Public Asset,PRESERVE,,PRESERVE
CBOS-AST-0067,https://cbos.gov.sd/sites/default/files/styles/publications_255_x_171/public/CBOS-LOGO_6.jpg?itok=AUOgg-aO,https://cbos.gov.sd/ar/periodicals-publications,CBOS-LOGO_6.jpg,cbos-source-assets/original/other/other_067_CBOS-LOGO_6.jpg,47306,jpg,other,CATEGORY 1 — OFFICIAL / DOCUMENTARY ASSET,ar,,CBOS LOGO 6.jpg,ar_pub,Central Bank of Sudan Official Website Public Asset,PRESERVE,,PRESERVE
CBOS-AST-0068,https://cbos.gov.sd/sites/default/files/styles/publications_255_x_171/public/%D8%B4%D8%B9%D8%A7%D8%B1%20%D8%A7%D9%84%D8%A8%D9%86%D9%83_2.jpg?itok=5WcVA9YR,https://cbos.gov.sd/ar/periodicals-publications,%D8%B4%D8%B9%D8%A7%D8%B1%20%D8%A7%D9%84%D8%A8%D9%86%D9%83_2.jpg,cbos-source-assets/original/other/other_068_%D8%B4%D8%B9%D8%A7%D8%B1%20%D8%A7%D9%84%D8%A8%D9%86%D9%83_2.jpg,41110,jpg,other,CATEGORY 2 — EDITORIAL / ATMOSPHERIC,ar,,%D8%B4%D8%B9%D8%A7%D8%B1%20%D8%A7%D9%84%D8%A8%D9%86%D9%83 2.jpg,ar_pub,Central Bank of Sudan Official Website Public Asset,REVIEW,,REVIEW
CBOS-AST-0069,https://cbos.gov.sd/sites/default/files/styles/publications_255_x_171/public/CBOS-LOGO_4.jpg?itok=jSQE9MPg,https://cbos.gov.sd/ar/periodicals-publications,CBOS-LOGO_4.jpg,cbos-source-assets/original/other/other_069_CBOS-LOGO_4.jpg,47306,jpg,other,CATEGORY 1 — OFFICIAL / DOCUMENTARY ASSET,ar,,CBOS LOGO 4.jpg,ar_pub,Central Bank of Sudan Official Website Public Asset,PRESERVE,,PRESERVE
CBOS-AST-0070,https://cbos.gov.sd/sites/default/files/styles/publications_255_x_171/public/CBOS-LOGO_3.jpg?itok=U3UvL4x-,https://cbos.gov.sd/ar/periodicals-publications,CBOS-LOGO_3.jpg,cbos-source-assets/original/other/other_070_CBOS-LOGO_3.jpg,47306,jpg,other,CATEGORY 1 — OFFICIAL / DOCUMENTARY ASSET,ar,,CBOS LOGO 3.jpg,ar_pub,Central Bank of Sudan Official Website Public Asset,PRESERVE,,PRESERVE
CBOS-AST-0071,https://cbos.gov.sd/sites/default/files/styles/publications_255_x_171/public/%D8%B4%D8%B9%D8%A7%D8%B1%20%D8%A7%D9%84%D8%A8%D9%86%D9%83_0%20%281%29_3.jpg?itok=BAwduNXi,https://cbos.gov.sd/ar/periodicals-publications,%D8%B4%D8%B9%D8%A7%D8%B1%20%D8%A7%D9%84%D8%A8%D9%86%D9%83_0%20%281%29_3.jpg,cbos-source-assets/original/other/other_071_%D8%B4%D8%B9%D8%A7%D8%B1%20%D8%A7%D9%84%D8%A8%D9%86%D9%83_0%20%281%29_3.jpg,39701,jpg,other,CATEGORY 2 — EDITORIAL / ATMOSPHERIC,ar,,%D8%B4%D8%B9%D8%A7%D8%B1%20%D8%A7%D9%84%D8%A8%D9%86%D9%83 0%20%281%29 3.jpg,ar_pub,Central Bank of Sudan Official Website Public Asset,REVIEW,,REVIEW
CBOS-AST-0072,https://cbos.gov.sd/sites/default/files/styles/publications_255_x_171/public/CBOS-LOGO_2.jpg?itok=HdF9rJZo,https://cbos.gov.sd/ar/periodicals-publications,CBOS-LOGO_2.jpg,cbos-source-assets/original/other/other_072_CBOS-LOGO_2.jpg,47306,jpg,other,CATEGORY 1 — OFFICIAL / DOCUMENTARY ASSET,ar,,CBOS LOGO 2.jpg,ar_pub,Central Bank of Sudan Official Website Public Asset,PRESERVE,,PRESERVE
CBOS-AST-0073,https://cbos.gov.sd/sites/default/files/styles/publications_255_x_171/public/CBOS_logo_4_3.jpg?itok=pWOqp8Hq,https://cbos.gov.sd/ar/periodicals-publications,CBOS_logo_4_3.jpg,cbos-source-assets/original/other/other_073_CBOS_logo_4_3.jpg,47306,jpg,other,CATEGORY 1 — OFFICIAL / DOCUMENTARY ASSET,ar,,CBOS logo 4 3.jpg,ar_pub,Central Bank of Sudan Official Website Public Asset,PRESERVE,,PRESERVE
CBOS-AST-0074,https://cbos.gov.sd/sites/default/files/styles/publications_255_x_171/public/%D8%B4%D8%B9%D8%A7%D8%B1%20%D8%A7%D9%84%D8%A8%D9%86%D9%83_0%20%281%29_2_0.jpg?itok=7GmqPK-n,https://cbos.gov.sd/ar/periodicals-publications,%D8%B4%D8%B9%D8%A7%D8%B1%20%D8%A7%D9%84%D8%A8%D9%86%D9%83_0%20%281%29_2_0.jpg,cbos-source-assets/original/other/other_074_%D8%B4%D8%B9%D8%A7%D8%B1%20%D8%A7%D9%84%D8%A8%D9%86%D9%83_0%20%281%29_2_0.jpg,39701,jpg,other,CATEGORY 2 — EDITORIAL / ATMOSPHERIC,ar,,%D8%B4%D8%B9%D8%A7%D8%B1%20%D8%A7%D9%84%D8%A8%D9%86%D9%83 0%20%281%29 2 0.jpg,ar_pub,Central Bank of Sudan Official Website Public Asset,REVIEW,,REVIEW
CBOS-AST-0075,https://cbos.gov.sd/sites/default/files/styles/publications_255_x_171/public/CBOS-LOGO_1.jpg?itok=Gz4jSOh2,https://cbos.gov.sd/ar/periodicals-publications,CBOS-LOGO_1.jpg,cbos-source-assets/original/other/other_075_CBOS-LOGO_1.jpg,47306,jpg,other,CATEGORY 1 — OFFICIAL / DOCUMENTARY ASSET,ar,,CBOS LOGO 1.jpg,ar_pub,Central Bank of Sudan Official Website Public Asset,PRESERVE,,PRESERVE
CBOS-AST-0076,https://cbos.gov.sd/sites/default/files/styles/publications_255_x_171/public/CBOS-LOGO_0.jpg?itok=Gs0O43r7,https://cbos.gov.sd/ar/periodicals-publications,CBOS-LOGO_0.jpg,cbos-source-assets/original/other/other_076_CBOS-LOGO_0.jpg,47306,jpg,other,CATEGORY 1 — OFFICIAL / DOCUMENTARY ASSET,ar,,CBOS LOGO 0.jpg,ar_pub,Central Bank of Sudan Official Website Public Asset,PRESERVE,,PRESERVE
CBOS-AST-0077,https://cbos.gov.sd/sites/default/files/styles/publications_255_x_171/public/%D8%B4%D8%B9%D8%A7%D8%B1%20%D8%A7%D9%84%D8%A8%D9%86%D9%83_0%20%281%29_2.jpg?itok=osxUYsU2,https://cbos.gov.sd/ar/periodicals-publications,%D8%B4%D8%B9%D8%A7%D8%B1%20%D8%A7%D9%84%D8%A8%D9%86%D9%83_0%20%281%29_2.jpg,cbos-source-assets/original/other/other_077_%D8%B4%D8%B9%D8%A7%D8%B1%20%D8%A7%D9%84%D8%A8%D9%86%D9%83_0%20%281%29_2.jpg,39701,jpg,other,CATEGORY 2 — EDITORIAL / ATMOSPHERIC,ar,,%D8%B4%D8%B9%D8%A7%D8%B1%20%D8%A7%D9%84%D8%A8%D9%86%D9%83 0%20%281%29 2.jpg,ar_pub,Central Bank of Sudan Official Website Public Asset,REVIEW,,REVIEW
CBOS-AST-0078,https://cbos.gov.sd/sites/default/files/styles/publications_255_x_171/public/CBOS-LOGO.jpg?itok=p4BAt1AV,https://cbos.gov.sd/ar/periodicals-publications,CBOS-LOGO.jpg,cbos-source-assets/original/other/other_078_CBOS-LOGO.jpg,47306,jpg,other,CATEGORY 1 — OFFICIAL / DOCUMENTARY ASSET,ar,,CBOS LOGO.jpg,ar_pub,Central Bank of Sudan Official Website Public Asset,PRESERVE,,PRESERVE
CBOS-AST-0079,https://cbos.gov.sd/sites/default/files/styles/publications_255_x_171/public/CBOS_logo_4_1.jpg?itok=HxCwIfld,https://cbos.gov.sd/ar/periodicals-publications,CBOS_logo_4_1.jpg,cbos-source-assets/original/other/other_079_CBOS_logo_4_1.jpg,47306,jpg,other,CATEGORY 1 — OFFICIAL / DOCUMENTARY ASSET,ar,,CBOS logo 4 1.jpg,ar_pub,Central Bank of Sudan Official Website Public Asset,PRESERVE,,PRESERVE
CBOS-AST-0080,https://cbos.gov.sd/sites/default/files/styles/publications_255_x_171/public/CBOS_logo_4_0.jpg?itok=pZRb5khz,https://cbos.gov.sd/ar/periodicals-publications,CBOS_logo_4_0.jpg,cbos-source-assets/original/other/other_080_CBOS_logo_4_0.jpg,47306,jpg,other,CATEGORY 1 — OFFICIAL / DOCUMENTARY ASSET,ar,,CBOS logo 4 0.jpg,ar_pub,Central Bank of Sudan Official Website Public Asset,PRESERVE,,PRESERVE
CBOS-AST-0081,https://cbos.gov.sd/sites/default/files/styles/publications_255_x_171/public/CBOS_logo_4.jpg?itok=JeawFSia,https://cbos.gov.sd/ar/periodicals-publications,CBOS_logo_4.jpg,cbos-source-assets/original/other/other_081_CBOS_logo_4.jpg,47306,jpg,other,CATEGORY 1 — OFFICIAL / DOCUMENTARY ASSET,ar,,CBOS logo 4.jpg,ar_pub,Central Bank of Sudan Official Website Public Asset,PRESERVE,,PRESERVE
CBOS-AST-0082,https://cbos.gov.sd/sites/default/files/styles/publications_255_x_171/public/CBOS-Black.jpg?itok=fiohSfrc,https://cbos.gov.sd/ar/periodicals-publications,CBOS-Black.jpg,cbos-source-assets/original/other/other_082_CBOS-Black.jpg,47512,jpg,other,CATEGORY 2 — EDITORIAL / ATMOSPHERIC,ar,,CBOS Black.jpg,ar_pub,Central Bank of Sudan Official Website Public Asset,REVIEW,,REVIEW
CBOS-AST-0083,https://cbos.gov.sd/sites/default/files/styles/publications_255_x_171/public/%D8%B4%D8%B9%D8%A7%D8%B1%20%D8%A7%D9%84%D8%A8%D9%86%D9%83_0%20%281%29_1.jpg?itok=a-3yo-we,https://cbos.gov.sd/ar/periodicals-publications,%D8%B4%D8%B9%D8%A7%D8%B1%20%D8%A7%D9%84%D8%A8%D9%86%D9%83_0%20%281%29_1.jpg,cbos-source-assets/original/other/other_083_%D8%B4%D8%B9%D8%A7%D8%B1%20%D8%A7%D9%84%D8%A8%D9%86%D9%83_0%20%281%29_1.jpg,39701,jpg,other,CATEGORY 2 — EDITORIAL / ATMOSPHERIC,ar,,%D8%B4%D8%B9%D8%A7%D8%B1%20%D8%A7%D9%84%D8%A8%D9%86%D9%83 0%20%281%29 1.jpg,ar_pub,Central Bank of Sudan Official Website Public Asset,REVIEW,,REVIEW
CBOS-AST-0084,https://cbos.gov.sd/sites/default/files/styles/publications_255_x_171/public/%D8%B4%D8%B9%D8%A7%D8%B1%20%D8%A7%D9%84%D8%A8%D9%86%D9%83_0%20%281%29_0.jpg?itok=lL41OihJ,https://cbos.gov.sd/ar/periodicals-publications,%D8%B4%D8%B9%D8%A7%D8%B1%20%D8%A7%D9%84%D8%A8%D9%86%D9%83_0%20%281%29_0.jpg,cbos-source-assets/original/other/other_084_%D8%B4%D8%B9%D8%A7%D8%B1%20%D8%A7%D9%84%D8%A8%D9%86%D9%83_0%20%281%29_0.jpg,39701,jpg,other,CATEGORY 2 — EDITORIAL / ATMOSPHERIC,ar,,%D8%B4%D8%B9%D8%A7%D8%B1%20%D8%A7%D9%84%D8%A8%D9%86%D9%83 0%20%281%29 0.jpg,ar_pub,Central Bank of Sudan Official Website Public Asset,REVIEW,,REVIEW
CBOS-AST-0085,https://cbos.gov.sd/sites/default/files/styles/publications_255_x_171/public/%D8%B4%D8%B9%D8%A7%D8%B1%20%D8%A7%D9%84%D8%A8%D9%86%D9%83_0%20%281%29_3_6.jpg?itok=KJN0KlLW,https://cbos.gov.sd/ar/periodicals-publications,%D8%B4%D8%B9%D8%A7%D8%B1%20%D8%A7%D9%84%D8%A8%D9%86%D9%83_0%20%281%29_3_6.jpg,cbos-source-assets/original/other/other_085_%D8%B4%D8%B9%D8%A7%D8%B1%20%D8%A7%D9%84%D8%A8%D9%86%D9%83_0%20%281%29_3_6.jpg,39701,jpg,other,CATEGORY 2 — EDITORIAL / ATMOSPHERIC,ar,,%D8%B4%D8%B9%D8%A7%D8%B1%20%D8%A7%D9%84%D8%A8%D9%86%D9%83 0%20%281%29 3 6.jpg,ar_pub,Central Bank of Sudan Official Website Public Asset,REVIEW,,REVIEW
CBOS-AST-0086,https://cbos.gov.sd/sites/default/files/styles/publications_255_x_171/public/CBOS%2520logo%2520Black_6_17_10_1_38_51.jpg?itok=y0TBsNeS,https://cbos.gov.sd/ar/periodicals-publications,CBOS%2520logo%2520Black_6_17_10_1_38_51.jpg,cbos-source-assets/original/other/other_086_CBOS%2520logo%2520Black_6_17_10_1_38_51.jpg,47306,jpg,other,CATEGORY 1 — OFFICIAL / DOCUMENTARY ASSET,ar,,CBOS%2520logo%2520Black 6 17 10 1 38 51.jpg,ar_pub,Central Bank of Sudan Official Website Public Asset,PRESERVE,,PRESERVE
CBOS-AST-0087,https://cbos.gov.sd/sites/default/files/styles/publications_255_x_171/public/CBOS%2520logo%2520Black_6_17_10_1_38_50.jpg?itok=8Ce75Dht,https://cbos.gov.sd/ar/periodicals-publications,CBOS%2520logo%2520Black_6_17_10_1_38_50.jpg,cbos-source-assets/original/other/other_087_CBOS%2520logo%2520Black_6_17_10_1_38_50.jpg,47306,jpg,other,CATEGORY 1 — OFFICIAL / DOCUMENTARY ASSET,ar,,CBOS%2520logo%2520Black 6 17 10 1 38 50.jpg,ar_pub,Central Bank of Sudan Official Website Public Asset,PRESERVE,,PRESERVE
CBOS-AST-0088,https://cbos.gov.sd/sites/default/files/styles/publications_255_x_171/public/CBOS%20logo%20Black_6_17_9_0_38.jpg?itok=s1ZCTLSk,https://cbos.gov.sd/ar/periodicals-publications,CBOS%20logo%20Black_6_17_9_0_38.jpg,cbos-source-assets/original/other/other_088_CBOS%20logo%20Black_6_17_9_0_38.jpg,47166,jpg,other,CATEGORY 1 — OFFICIAL / DOCUMENTARY ASSET,ar,,CBOS%20logo%20Black 6 17 9 0 38.jpg,ar_pub,Central Bank of Sudan Official Website Public Asset,PRESERVE,,PRESERVE
CBOS-AST-0089,https://cbos.gov.sd/sites/default/files/styles/publications_255_x_171/public/CBOS%2520logo%2520Black_6_17_10_1_38_36.jpg?itok=HRZkvtYp,https://cbos.gov.sd/ar/periodicals-publications,CBOS%2520logo%2520Black_6_17_10_1_38_36.jpg,cbos-source-assets/original/other/other_089_CBOS%2520logo%2520Black_6_17_10_1_38_36.jpg,47306,jpg,other,CATEGORY 1 — OFFICIAL / DOCUMENTARY ASSET,ar,,CBOS%2520logo%2520Black 6 17 10 1 38 36.jpg,ar_pub,Central Bank of Sudan Official Website Public Asset,PRESERVE,,PRESERVE
CBOS-AST-0090,https://cbos.gov.sd/sites/default/files/styles/publications_255_x_171/public/CBOS%2520logo%2520Black_6_17_10_1_69.jpg?itok=DOsD1i8F,https://cbos.gov.sd/ar/periodicals-publications,CBOS%2520logo%2520Black_6_17_10_1_69.jpg,cbos-source-assets/original/other/other_090_CBOS%2520logo%2520Black_6_17_10_1_69.jpg,47166,jpg,other,CATEGORY 1 — OFFICIAL / DOCUMENTARY ASSET,ar,,CBOS%2520logo%2520Black 6 17 10 1 69.jpg,ar_pub,Central Bank of Sudan Official Website Public Asset,PRESERVE,,PRESERVE
CBOS-AST-0091,https://cbos.gov.sd/sites/default/files/styles/publications_255_x_171/public/CBOS%2520logo%2520Black_6_17_10_1_38_49.jpg?itok=SuD2y1sX,https://cbos.gov.sd/ar/periodicals-publications,CBOS%2520logo%2520Black_6_17_10_1_38_49.jpg,cbos-source-assets/original/other/other_091_CBOS%2520logo%2520Black_6_17_10_1_38_49.jpg,47306,jpg,other,CATEGORY 1 — OFFICIAL / DOCUMENTARY ASSET,ar,,CBOS%2520logo%2520Black 6 17 10 1 38 49.jpg,ar_pub,Central Bank of Sudan Official Website Public Asset,PRESERVE,,PRESERVE
CBOS-AST-0092,https://cbos.gov.sd/sites/default/files/styles/publications_255_x_171/public/CBOS%2520logo%2520Black_6_17_10_1_47_16.jpg?itok=fbxZuFYG,https://cbos.gov.sd/ar/periodicals-publications,CBOS%2520logo%2520Black_6_17_10_1_47_16.jpg,cbos-source-assets/original/other/other_092_CBOS%2520logo%2520Black_6_17_10_1_47_16.jpg,47166,jpg,other,CATEGORY 1 — OFFICIAL / DOCUMENTARY ASSET,ar,,CBOS%2520logo%2520Black 6 17 10 1 47 16.jpg,ar_pub,Central Bank of Sudan Official Website Public Asset,PRESERVE,,PRESERVE
CBOS-AST-0093,https://cbos.gov.sd/sites/default/files/styles/publications_255_x_171/public/CBOS%2520logo%2520Black_6_17_10_1_47_15.jpg?itok=Dqce8PHp,https://cbos.gov.sd/ar/periodicals-publications,CBOS%2520logo%2520Black_6_17_10_1_47_15.jpg,cbos-source-assets/original/other/other_093_CBOS%2520logo%2520Black_6_17_10_1_47_15.jpg,47166,jpg,other,CATEGORY 1 — OFFICIAL / DOCUMENTARY ASSET,ar,,CBOS%2520logo%2520Black 6 17 10 1 47 15.jpg,ar_pub,Central Bank of Sudan Official Website Public Asset,PRESERVE,,PRESERVE
CBOS-AST-0094,https://cbos.gov.sd/sites/default/files/styles/publications_255_x_171/public/CBOS%2520logo%2520Black_6_17_10_1_65.jpg?itok=olPaoK9b,https://cbos.gov.sd/ar/periodicals-publications,CBOS%2520logo%2520Black_6_17_10_1_65.jpg,cbos-source-assets/original/other/other_094_CBOS%2520logo%2520Black_6_17_10_1_65.jpg,47166,jpg,other,CATEGORY 1 — OFFICIAL / DOCUMENTARY ASSET,ar,,CBOS%2520logo%2520Black 6 17 10 1 65.jpg,ar_pub,Central Bank of Sudan Official Website Public Asset,PRESERVE,,PRESERVE
CBOS-AST-0095,https://cbos.gov.sd/sites/default/files/styles/publications_255_x_171/public/CBOS%2520logo%2520Black_6_17_10_1_47_14.jpg?itok=4MDVNAf3,https://cbos.gov.sd/ar/periodicals-publications,CBOS%2520logo%2520Black_6_17_10_1_47_14.jpg,cbos-source-assets/original/other/other_095_CBOS%2520logo%2520Black_6_17_10_1_47_14.jpg,47166,jpg,other,CATEGORY 1 — OFFICIAL / DOCUMENTARY ASSET,ar,,CBOS%2520logo%2520Black 6 17 10 1 47 14.jpg,ar_pub,Central Bank of Sudan Official Website Public Asset,PRESERVE,,PRESERVE
CBOS-AST-0096,https://cbos.gov.sd/sites/default/files/styles/publications_255_x_171/public/CBOS%2520logo%2520Black_6_17_10_1_38_43.jpg?itok=CX4sfG-J,https://cbos.gov.sd/ar/periodicals-publications,CBOS%2520logo%2520Black_6_17_10_1_38_43.jpg,cbos-source-assets/original/other/other_096_CBOS%2520logo%2520Black_6_17_10_1_38_43.jpg,47306,jpg,other,CATEGORY 1 — OFFICIAL / DOCUMENTARY ASSET,ar,,CBOS%2520logo%2520Black 6 17 10 1 38 43.jpg,ar_pub,Central Bank of Sudan Official Website Public Asset,PRESERVE,,PRESERVE
CBOS-AST-0097,https://cbos.gov.sd/sites/default/files/styles/publications_255_x_171/public/CBOS%2520logo%2520Black_6_17_10_1_38_41.jpg?itok=huaPuu1a,https://cbos.gov.sd/ar/periodicals-publications,CBOS%2520logo%2520Black_6_17_10_1_38_41.jpg,cbos-source-assets/original/other/other_097_CBOS%2520logo%2520Black_6_17_10_1_38_41.jpg,47306,jpg,other,CATEGORY 1 — OFFICIAL / DOCUMENTARY ASSET,ar,,CBOS%2520logo%2520Black 6 17 10 1 38 41.jpg,ar_pub,Central Bank of Sudan Official Website Public Asset,PRESERVE,,PRESERVE
CBOS-AST-0098,https://cbos.gov.sd/sites/default/files/styles/publications_255_x_171/public/CBOS%2520logo%2520Black_6_17_10_1_38_39.jpg?itok=xkw-LP3o,https://cbos.gov.sd/ar/periodicals-publications,CBOS%2520logo%2520Black_6_17_10_1_38_39.jpg,cbos-source-assets/original/other/other_098_CBOS%2520logo%2520Black_6_17_10_1_38_39.jpg,47306,jpg,other,CATEGORY 1 — OFFICIAL / DOCUMENTARY ASSET,ar,,CBOS%2520logo%2520Black 6 17 10 1 38 39.jpg,ar_pub,Central Bank of Sudan Official Website Public Asset,PRESERVE,,PRESERVE
CBOS-AST-0099,https://cbos.gov.sd/sites/default/files/styles/publications_255_x_171/public/CBOS%2520logo%2520Black_6_17_10_1_38_37.jpg?itok=CwTHIf1N,https://cbos.gov.sd/ar/periodicals-publications,CBOS%2520logo%2520Black_6_17_10_1_38_37.jpg,cbos-source-assets/original/other/other_099_CBOS%2520logo%2520Black_6_17_10_1_38_37.jpg,47306,jpg,other,CATEGORY 1 — OFFICIAL / DOCUMENTARY ASSET,ar,,CBOS%2520logo%2520Black 6 17 10 1 38 37.jpg,ar_pub,Central Bank of Sudan Official Website Public Asset,PRESERVE,,PRESERVE
CBOS-AST-0100,https://cbos.gov.sd/sites/default/files/styles/publications_255_x_171/public/CBOS%2520logo%2520Black_6_17_10_1_47_12.jpg?itok=UYoNwPr8,https://cbos.gov.sd/ar/periodicals-publications,CBOS%2520logo%2520Black_6_17_10_1_47_12.jpg,cbos-source-assets/original/other/other_100_CBOS%2520logo%2520Black_6_17_10_1_47_12.jpg,47166,jpg,other,CATEGORY 1 — OFFICIAL / DOCUMENTARY ASSET,ar,,CBOS%2520logo%2520Black 6 17 10 1 47 12.jpg,ar_pub,Central Bank of Sudan Official Website Public Asset,PRESERVE,,PRESERVE
CBOS-AST-0101,https://cbos.gov.sd/sites/default/files/styles/publications_255_x_171/public/CBOS%2520logo%2520Black_6_17_10_1_38_34.jpg?itok=0NkZEeaZ,https://cbos.gov.sd/ar/periodicals-publications,CBOS%2520logo%2520Black_6_17_10_1_38_34.jpg,cbos-source-assets/original/other/other_101_CBOS%2520logo%2520Black_6_17_10_1_38_34.jpg,47306,jpg,other,CATEGORY 1 — OFFICIAL / DOCUMENTARY ASSET,ar,,CBOS%2520logo%2520Black 6 17 10 1 38 34.jpg,ar_pub,Central Bank of Sudan Official Website Public Asset,PRESERVE,,PRESERVE
CBOS-AST-0102,https://cbos.gov.sd/sites/default/files/styles/publications_255_x_171/public/CBOS%2520logo%2520Black_6_17_10_1_64.jpg?itok=r6ad1Mbv,https://cbos.gov.sd/ar/periodicals-publications,CBOS%2520logo%2520Black_6_17_10_1_64.jpg,cbos-source-assets/original/other/other_102_CBOS%2520logo%2520Black_6_17_10_1_64.jpg,47166,jpg,other,CATEGORY 1 — OFFICIAL / DOCUMENTARY ASSET,ar,,CBOS%2520logo%2520Black 6 17 10 1 64.jpg,ar_pub,Central Bank of Sudan Official Website Public Asset,PRESERVE,,PRESERVE
CBOS-AST-0103,https://cbos.gov.sd/sites/default/files/styles/publications_255_x_171/public/CBOS%2520logo%2520Black_6_17_10_1_38_32.jpg?itok=PLg0wK2D,https://cbos.gov.sd/ar/periodicals-publications,CBOS%2520logo%2520Black_6_17_10_1_38_32.jpg,cbos-source-assets/original/other/other_103_CBOS%2520logo%2520Black_6_17_10_1_38_32.jpg,47306,jpg,other,CATEGORY 1 — OFFICIAL / DOCUMENTARY ASSET,ar,,CBOS%2520logo%2520Black 6 17 10 1 38 32.jpg,ar_pub,Central Bank of Sudan Official Website Public Asset,PRESERVE,,PRESERVE
CBOS-AST-0104,https://cbos.gov.sd/sites/default/files/styles/publications_255_x_171/public/CBOS%2520logo%2520Black_6_17_10_1_63.jpg?itok=9ZE0Mikq,https://cbos.gov.sd/ar/periodicals-publications,CBOS%2520logo%2520Black_6_17_10_1_63.jpg,cbos-source-assets/original/other/other_104_CBOS%2520logo%2520Black_6_17_10_1_63.jpg,47166,jpg,other,CATEGORY 1 — OFFICIAL / DOCUMENTARY ASSET,ar,,CBOS%2520logo%2520Black 6 17 10 1 63.jpg,ar_pub,Central Bank of Sudan Official Website Public Asset,PRESERVE,,PRESERVE
CBOS-AST-0105,https://cbos.gov.sd/sites/default/files/styles/publications_255_x_171/public/CBOS%2520logo%2520Black_6_17_10_1_47_11.jpg?itok=0ZODwNJX,https://cbos.gov.sd/ar/periodicals-publications,CBOS%2520logo%2520Black_6_17_10_1_47_11.jpg,cbos-source-assets/original/other/other_105_CBOS%2520logo%2520Black_6_17_10_1_47_11.jpg,47166,jpg,other,CATEGORY 1 — OFFICIAL / DOCUMENTARY ASSET,ar,,CBOS%2520logo%2520Black 6 17 10 1 47 11.jpg,ar_pub,Central Bank of Sudan Official Website Public Asset,PRESERVE,,PRESERVE
CBOS-AST-0106,https://cbos.gov.sd/sites/default/files/styles/publications_255_x_171/public/CBOS%2520logo%2520Black_6_17_10_1_61.jpg?itok=GH_0WdtN,https://cbos.gov.sd/ar/periodicals-publications,CBOS%2520logo%2520Black_6_17_10_1_61.jpg,cbos-source-assets/original/other/other_106_CBOS%2520logo%2520Black_6_17_10_1_61.jpg,47166,jpg,other,CATEGORY 1 — OFFICIAL / DOCUMENTARY ASSET,ar,,CBOS%2520logo%2520Black 6 17 10 1 61.jpg,ar_pub,Central Bank of Sudan Official Website Public Asset,PRESERVE,,PRESERVE
CBOS-AST-0107,https://cbos.gov.sd/sites/default/files/styles/publications_255_x_171/public/CBOS%2520logo%2520Black_6_17_10_1_59.jpg?itok=PEQsl3dB,https://cbos.gov.sd/ar/periodicals-publications,CBOS%2520logo%2520Black_6_17_10_1_59.jpg,cbos-source-assets/original/other/other_107_CBOS%2520logo%2520Black_6_17_10_1_59.jpg,47166,jpg,other,CATEGORY 1 — OFFICIAL / DOCUMENTARY ASSET,ar,,CBOS%2520logo%2520Black 6 17 10 1 59.jpg,ar_pub,Central Bank of Sudan Official Website Public Asset,PRESERVE,,PRESERVE
CBOS-AST-0108,https://cbos.gov.sd/sites/default/files/styles/publications_255_x_171/public/CBOS%2520logo%2520Black_6_17_10_1_58.jpg?itok=8DsZuWhD,https://cbos.gov.sd/ar/periodicals-publications,CBOS%2520logo%2520Black_6_17_10_1_58.jpg,cbos-source-assets/original/other/other_108_CBOS%2520logo%2520Black_6_17_10_1_58.jpg,47166,jpg,other,CATEGORY 1 — OFFICIAL / DOCUMENTARY ASSET,ar,,CBOS%2520logo%2520Black 6 17 10 1 58.jpg,ar_pub,Central Bank of Sudan Official Website Public Asset,PRESERVE,,PRESERVE
CBOS-AST-0109,https://cbos.gov.sd/sites/default/files/styles/publications_255_x_171/public/CBOS%2520logo%2520Black_6_17_10_1_38_29.jpg?itok=7aIeDL1M,https://cbos.gov.sd/ar/periodicals-publications,CBOS%2520logo%2520Black_6_17_10_1_38_29.jpg,cbos-source-assets/original/other/other_109_CBOS%2520logo%2520Black_6_17_10_1_38_29.jpg,47306,jpg,other,CATEGORY 1 — OFFICIAL / DOCUMENTARY ASSET,ar,,CBOS%2520logo%2520Black 6 17 10 1 38 29.jpg,ar_pub,Central Bank of Sudan Official Website Public Asset,PRESERVE,,PRESERVE
CBOS-AST-0110,https://cbos.gov.sd/sites/default/files/styles/publications_255_x_171/public/CBOS%2520logo%2520Black_6_17_10_1_47_10.jpg?itok=FfQa8-s1,https://cbos.gov.sd/ar/periodicals-publications,CBOS%2520logo%2520Black_6_17_10_1_47_10.jpg,cbos-source-assets/original/other/other_110_CBOS%2520logo%2520Black_6_17_10_1_47_10.jpg,47166,jpg,other,CATEGORY 1 — OFFICIAL / DOCUMENTARY ASSET,ar,,CBOS%2520logo%2520Black 6 17 10 1 47 10.jpg,ar_pub,Central Bank of Sudan Official Website Public Asset,PRESERVE,,PRESERVE
CBOS-AST-0111,https://cbos.gov.sd/sites/default/files/styles/publications_255_x_171/public/CBOS%2520logo%2520Black_6_17_10_1_57.jpg?itok=nXJIdSsL,https://cbos.gov.sd/ar/periodicals-publications,CBOS%2520logo%2520Black_6_17_10_1_57.jpg,cbos-source-assets/original/other/other_111_CBOS%2520logo%2520Black_6_17_10_1_57.jpg,47166,jpg,other,CATEGORY 1 — OFFICIAL / DOCUMENTARY ASSET,ar,,CBOS%2520logo%2520Black 6 17 10 1 57.jpg,ar_pub,Central Bank of Sudan Official Website Public Asset,PRESERVE,,PRESERVE
CBOS-AST-0112,https://cbos.gov.sd/sites/default/files/styles/publications_255_x_171/public/CBOS%2520logo%2520Black_6_17_10_1_38_26.jpg?itok=3KsJnvtn,https://cbos.gov.sd/ar/periodicals-publications,CBOS%2520logo%2520Black_6_17_10_1_38_26.jpg,cbos-source-assets/original/other/other_112_CBOS%2520logo%2520Black_6_17_10_1_38_26.jpg,47306,jpg,other,CATEGORY 1 — OFFICIAL / DOCUMENTARY ASSET,ar,,CBOS%2520logo%2520Black 6 17 10 1 38 26.jpg,ar_pub,Central Bank of Sudan Official Website Public Asset,PRESERVE,,PRESERVE
CBOS-AST-0113,https://cbos.gov.sd/sites/default/files/styles/publications_255_x_171/public/CBOS%2520logo%2520Black_6_17_10_1_56.jpg?itok=encRr8P0,https://cbos.gov.sd/ar/periodicals-publications,CBOS%2520logo%2520Black_6_17_10_1_56.jpg,cbos-source-assets/original/other/other_113_CBOS%2520logo%2520Black_6_17_10_1_56.jpg,47166,jpg,other,CATEGORY 1 — OFFICIAL / DOCUMENTARY ASSET,ar,,CBOS%2520logo%2520Black 6 17 10 1 56.jpg,ar_pub,Central Bank of Sudan Official Website Public Asset,PRESERVE,,PRESERVE
CBOS-AST-0114,https://cbos.gov.sd/sites/default/files/styles/publications_255_x_171/public/CBOS%2520logo%2520Black_6_17_10_1_55.jpg?itok=lMwCyxjV,https://cbos.gov.sd/ar/periodicals-publications,CBOS%2520logo%2520Black_6_17_10_1_55.jpg,cbos-source-assets/original/other/other_114_CBOS%2520logo%2520Black_6_17_10_1_55.jpg,47166,jpg,other,CATEGORY 1 — OFFICIAL / DOCUMENTARY ASSET,ar,,CBOS%2520logo%2520Black 6 17 10 1 55.jpg,ar_pub,Central Bank of Sudan Official Website Public Asset,PRESERVE,,PRESERVE
CBOS-AST-0115,https://cbos.gov.sd/sites/default/files/styles/publications_255_x_171/public/CBOS%2520logo%2520Black_6_17_10_1_47_8.jpg?itok=0JJoRHGK,https://cbos.gov.sd/ar/periodicals-publications,CBOS%2520logo%2520Black_6_17_10_1_47_8.jpg,cbos-source-assets/original/other/other_115_CBOS%2520logo%2520Black_6_17_10_1_47_8.jpg,47166,jpg,other,CATEGORY 1 — OFFICIAL / DOCUMENTARY ASSET,ar,,CBOS%2520logo%2520Black 6 17 10 1 47 8.jpg,ar_pub,Central Bank of Sudan Official Website Public Asset,PRESERVE,,PRESERVE
CBOS-AST-0116,https://cbos.gov.sd/sites/default/files/styles/publications_255_x_171/public/CBOS%2520logo%2520Black_6_17_10_1_38_25.jpg?itok=S108hUwm,https://cbos.gov.sd/ar/periodicals-publications,CBOS%2520logo%2520Black_6_17_10_1_38_25.jpg,cbos-source-assets/original/other/other_116_CBOS%2520logo%2520Black_6_17_10_1_38_25.jpg,47306,jpg,other,CATEGORY 1 — OFFICIAL / DOCUMENTARY ASSET,ar,,CBOS%2520logo%2520Black 6 17 10 1 38 25.jpg,ar_pub,Central Bank of Sudan Official Website Public Asset,PRESERVE,,PRESERVE
CBOS-AST-0117,https://cbos.gov.sd/sites/default/files/styles/publications_255_x_171/public/CBOS%2520logo%2520Black_6_17_10_1_38_24.jpg?itok=_gArIu2Z,https://cbos.gov.sd/ar/periodicals-publications,CBOS%2520logo%2520Black_6_17_10_1_38_24.jpg,cbos-source-assets/original/other/other_117_CBOS%2520logo%2520Black_6_17_10_1_38_24.jpg,47306,jpg,other,CATEGORY 1 — OFFICIAL / DOCUMENTARY ASSET,ar,,CBOS%2520logo%2520Black 6 17 10 1 38 24.jpg,ar_pub,Central Bank of Sudan Official Website Public Asset,PRESERVE,,PRESERVE
CBOS-AST-0118,https://cbos.gov.sd/sites/default/files/styles/publications_255_x_171/public/CBOS%2520logo%2520Black_6_17_10_1_38_22.jpg?itok=giGWdYla,https://cbos.gov.sd/ar/periodicals-publications,CBOS%2520logo%2520Black_6_17_10_1_38_22.jpg,cbos-source-assets/original/other/other_118_CBOS%2520logo%2520Black_6_17_10_1_38_22.jpg,47306,jpg,other,CATEGORY 1 — OFFICIAL / DOCUMENTARY ASSET,ar,,CBOS%2520logo%2520Black 6 17 10 1 38 22.jpg,ar_pub,Central Bank of Sudan Official Website Public Asset,PRESERVE,,PRESERVE
CBOS-AST-0119,https://cbos.gov.sd/sites/default/files/styles/publications_255_x_171/public/CBOS%2520logo%2520Black_6_17_10_1_38_21.jpg?itok=YNj6vNpS,https://cbos.gov.sd/ar/periodicals-publications,CBOS%2520logo%2520Black_6_17_10_1_38_21.jpg,cbos-source-assets/original/other/other_119_CBOS%2520logo%2520Black_6_17_10_1_38_21.jpg,45732,jpg,other,CATEGORY 1 — OFFICIAL / DOCUMENTARY ASSET,ar,,CBOS%2520logo%2520Black 6 17 10 1 38 21.jpg,ar_pub,Central Bank of Sudan Official Website Public Asset,PRESERVE,,PRESERVE
CBOS-AST-0120,https://cbos.gov.sd/sites/default/files/styles/publications_255_x_171/public/CBOS%2520logo%2520Black_6_17_10_1_38_20.jpg?itok=gEr_C8xy,https://cbos.gov.sd/ar/periodicals-publications,CBOS%2520logo%2520Black_6_17_10_1_38_20.jpg,cbos-source-assets/original/other/other_120_CBOS%2520logo%2520Black_6_17_10_1_38_20.jpg,45732,jpg,other,CATEGORY 1 — OFFICIAL / DOCUMENTARY ASSET,ar,,CBOS%2520logo%2520Black 6 17 10 1 38 20.jpg,ar_pub,Central Bank of Sudan Official Website Public Asset,PRESERVE,,PRESERVE
CBOS-AST-0121,https://cbos.gov.sd/sites/default/files/styles/publications_255_x_171/public/CBOS%2520logo%2520Black_6_17_10_1_47_7.jpg?itok=BWaCZhG5,https://cbos.gov.sd/ar/periodicals-publications,CBOS%2520logo%2520Black_6_17_10_1_47_7.jpg,cbos-source-assets/original/other/other_121_CBOS%2520logo%2520Black_6_17_10_1_47_7.jpg,45595,jpg,other,CATEGORY 1 — OFFICIAL / DOCUMENTARY ASSET,ar,,CBOS%2520logo%2520Black 6 17 10 1 47 7.jpg,ar_pub,Central Bank of Sudan Official Website Public Asset,PRESERVE,,PRESERVE
CBOS-AST-0122,https://cbos.gov.sd/sites/default/files/styles/publications_255_x_171/public/CBOS%2520logo%2520Black_6_17_10_1_54.jpg?itok=nw2twF-z,https://cbos.gov.sd/ar/periodicals-publications,CBOS%2520logo%2520Black_6_17_10_1_54.jpg,cbos-source-assets/original/other/other_122_CBOS%2520logo%2520Black_6_17_10_1_54.jpg,45595,jpg,other,CATEGORY 1 — OFFICIAL / DOCUMENTARY ASSET,ar,,CBOS%2520logo%2520Black 6 17 10 1 54.jpg,ar_pub,Central Bank of Sudan Official Website Public Asset,PRESERVE,,PRESERVE
CBOS-AST-0123,https://cbos.gov.sd/sites/default/files/styles/publications_255_x_171/public/CBOS%2520logo%2520Black_6_17_10_1_47_5.jpg?itok=F1f2T17j,https://cbos.gov.sd/ar/periodicals-publications,CBOS%2520logo%2520Black_6_17_10_1_47_5.jpg,cbos-source-assets/original/other/other_123_CBOS%2520logo%2520Black_6_17_10_1_47_5.jpg,45595,jpg,other,CATEGORY 1 — OFFICIAL / DOCUMENTARY ASSET,ar,,CBOS%2520logo%2520Black 6 17 10 1 47 5.jpg,ar_pub,Central Bank of Sudan Official Website Public Asset,PRESERVE,,PRESERVE
CBOS-AST-0124,https://cbos.gov.sd/sites/default/files/styles/publications_255_x_171/public/CBOS%2520logo%2520Black_6_17_10_1_53.jpg?itok=QjJ3WHTy,https://cbos.gov.sd/ar/periodicals-publications,CBOS%2520logo%2520Black_6_17_10_1_53.jpg,cbos-source-assets/original/other/other_124_CBOS%2520logo%2520Black_6_17_10_1_53.jpg,45595,jpg,other,CATEGORY 1 — OFFICIAL / DOCUMENTARY ASSET,ar,,CBOS%2520logo%2520Black 6 17 10 1 53.jpg,ar_pub,Central Bank of Sudan Official Website Public Asset,PRESERVE,,PRESERVE
CBOS-AST-0125,https://cbos.gov.sd/sites/default/files/styles/publications_255_x_171/public/CBOS%2520logo%2520Black_6_17_10_1_52.jpg?itok=AGKyl36A,https://cbos.gov.sd/ar/periodicals-publications,CBOS%2520logo%2520Black_6_17_10_1_52.jpg,cbos-source-assets/original/other/other_125_CBOS%2520logo%2520Black_6_17_10_1_52.jpg,45595,jpg,other,CATEGORY 1 — OFFICIAL / DOCUMENTARY ASSET,ar,,CBOS%2520logo%2520Black 6 17 10 1 52.jpg,ar_pub,Central Bank of Sudan Official Website Public Asset,PRESERVE,,PRESERVE
CBOS-AST-0126,https://cbos.gov.sd/sites/default/files/styles/publications_255_x_171/public/CBOS%2520logo%2520Black_6_17_10_1_38_19.jpg?itok=xmbYNMfX,https://cbos.gov.sd/ar/periodicals-publications,CBOS%2520logo%2520Black_6_17_10_1_38_19.jpg,cbos-source-assets/original/other/other_126_CBOS%2520logo%2520Black_6_17_10_1_38_19.jpg,45732,jpg,other,CATEGORY 1 — OFFICIAL / DOCUMENTARY ASSET,ar,,CBOS%2520logo%2520Black 6 17 10 1 38 19.jpg,ar_pub,Central Bank of Sudan Official Website Public Asset,PRESERVE,,PRESERVE
CBOS-AST-0127,https://cbos.gov.sd/sites/default/files/styles/publications_255_x_171/public/CBOS%2520logo%2520Black_6_17_10_1_50.jpg?itok=K9o_Wk71,https://cbos.gov.sd/ar/periodicals-publications,CBOS%2520logo%2520Black_6_17_10_1_50.jpg,cbos-source-assets/original/other/other_127_CBOS%2520logo%2520Black_6_17_10_1_50.jpg,45595,jpg,other,CATEGORY 1 — OFFICIAL / DOCUMENTARY ASSET,ar,,CBOS%2520logo%2520Black 6 17 10 1 50.jpg,ar_pub,Central Bank of Sudan Official Website Public Asset,PRESERVE,,PRESERVE
CBOS-AST-0128,https://cbos.gov.sd/sites/default/files/styles/publications_255_x_171/public/CBOS%2520logo%2520Black_6_17_10_1_48.jpg?itok=rQPOpxTO,https://cbos.gov.sd/ar/periodicals-publications,CBOS%2520logo%2520Black_6_17_10_1_48.jpg,cbos-source-assets/original/other/other_128_CBOS%2520logo%2520Black_6_17_10_1_48.jpg,45595,jpg,other,CATEGORY 1 — OFFICIAL / DOCUMENTARY ASSET,ar,,CBOS%2520logo%2520Black 6 17 10 1 48.jpg,ar_pub,Central Bank of Sudan Official Website Public Asset,PRESERVE,,PRESERVE
CBOS-AST-0129,https://cbos.gov.sd/sites/default/files/styles/publications_255_x_171/public/CBOS%2520logo%2520Black_6_17_10_1_47_2.jpg?itok=_AJF4z1C,https://cbos.gov.sd/ar/periodicals-publications,CBOS%2520logo%2520Black_6_17_10_1_47_2.jpg,cbos-source-assets/original/other/other_129_CBOS%2520logo%2520Black_6_17_10_1_47_2.jpg,45595,jpg,other,CATEGORY 1 — OFFICIAL / DOCUMENTARY ASSET,ar,,CBOS%2520logo%2520Black 6 17 10 1 47 2.jpg,ar_pub,Central Bank of Sudan Official Website Public Asset,PRESERVE,,PRESERVE
CBOS-AST-0130,https://cbos.gov.sd/sites/default/files/styles/publications_255_x_171/public/CBOS%2520logo%2520Black_6_17_10_1_47_1.jpg?itok=pE_S2dPv,https://cbos.gov.sd/ar/periodicals-publications,CBOS%2520logo%2520Black_6_17_10_1_47_1.jpg,cbos-source-assets/original/other/other_130_CBOS%2520logo%2520Black_6_17_10_1_47_1.jpg,45595,jpg,other,CATEGORY 1 — OFFICIAL / DOCUMENTARY ASSET,ar,,CBOS%2520logo%2520Black 6 17 10 1 47 1.jpg,ar_pub,Central Bank of Sudan Official Website Public Asset,PRESERVE,,PRESERVE
CBOS-AST-0131,https://cbos.gov.sd/sites/default/files/styles/publications_255_x_171/public/CBOS%2520logo%2520Black_6_17_10_1_49.jpg?itok=OcHxrCyx,https://cbos.gov.sd/ar/periodicals-publications,CBOS%2520logo%2520Black_6_17_10_1_49.jpg,cbos-source-assets/original/other/other_131_CBOS%2520logo%2520Black_6_17_10_1_49.jpg,45595,jpg,other,CATEGORY 1 — OFFICIAL / DOCUMENTARY ASSET,ar,,CBOS%2520logo%2520Black 6 17 10 1 49.jpg,ar_pub,Central Bank of Sudan Official Website Public Asset,PRESERVE,,PRESERVE
CBOS-AST-0132,https://cbos.gov.sd/sites/default/files/styles/publications_255_x_171/public/CBOS%2520logo%2520Black_6_17_10_1_47.jpg?itok=aX0gh3CW,https://cbos.gov.sd/ar/periodicals-publications,CBOS%2520logo%2520Black_6_17_10_1_47.jpg,cbos-source-assets/original/other/other_132_CBOS%2520logo%2520Black_6_17_10_1_47.jpg,45595,jpg,other,CATEGORY 1 — OFFICIAL / DOCUMENTARY ASSET,ar,,CBOS%2520logo%2520Black 6 17 10 1 47.jpg,ar_pub,Central Bank of Sudan Official Website Public Asset,PRESERVE,,PRESERVE
CBOS-AST-0133,https://cbos.gov.sd/sites/default/files/styles/publications_255_x_171/public/CBOS%2520logo%2520Black_6_17_10_1_38_14.jpg?itok=8laZKJMu,https://cbos.gov.sd/ar/periodicals-publications,CBOS%2520logo%2520Black_6_17_10_1_38_14.jpg,cbos-source-assets/original/other/other_133_CBOS%2520logo%2520Black_6_17_10_1_38_14.jpg,45732,jpg,other,CATEGORY 1 — OFFICIAL / DOCUMENTARY ASSET,ar,,CBOS%2520logo%2520Black 6 17 10 1 38 14.jpg,ar_pub,Central Bank of Sudan Official Website Public Asset,PRESERVE,,PRESERVE
CBOS-AST-0134,https://cbos.gov.sd/sites/default/files/styles/publications_255_x_171/public/CBOS%2520logo%2520Black_6_17_10_1_38_13.jpg?itok=2FItvrty,https://cbos.gov.sd/ar/periodicals-publications,CBOS%2520logo%2520Black_6_17_10_1_38_13.jpg,cbos-source-assets/original/other/other_134_CBOS%2520logo%2520Black_6_17_10_1_38_13.jpg,45732,jpg,other,CATEGORY 1 — OFFICIAL / DOCUMENTARY ASSET,ar,,CBOS%2520logo%2520Black 6 17 10 1 38 13.jpg,ar_pub,Central Bank of Sudan Official Website Public Asset,PRESERVE,,PRESERVE
CBOS-AST-0135,https://cbos.gov.sd/sites/default/files/styles/publications_255_x_171/public/CBOS%2520logo%2520Black_6_17_10_1_38_12.jpg?itok=xCqmThCy,https://cbos.gov.sd/ar/periodicals-publications,CBOS%2520logo%2520Black_6_17_10_1_38_12.jpg,cbos-source-assets/original/other/other_135_CBOS%2520logo%2520Black_6_17_10_1_38_12.jpg,45732,jpg,other,CATEGORY 1 — OFFICIAL / DOCUMENTARY ASSET,ar,,CBOS%2520logo%2520Black 6 17 10 1 38 12.jpg,ar_pub,Central Bank of Sudan Official Website Public Asset,PRESERVE,,PRESERVE
CBOS-AST-0136,https://cbos.gov.sd/sites/default/files/styles/publications_255_x_171/public/CBOS%2520logo%2520Black_6_17_10_1_38_11.jpg?itok=HDin-GfJ,https://cbos.gov.sd/ar/periodicals-publications,CBOS%2520logo%2520Black_6_17_10_1_38_11.jpg,cbos-source-assets/original/other/other_136_CBOS%2520logo%2520Black_6_17_10_1_38_11.jpg,45732,jpg,other,CATEGORY 1 — OFFICIAL / DOCUMENTARY ASSET,ar,,CBOS%2520logo%2520Black 6 17 10 1 38 11.jpg,ar_pub,Central Bank of Sudan Official Website Public Asset,PRESERVE,,PRESERVE
CBOS-AST-0137,https://cbos.gov.sd/sites/default/files/styles/publications_255_x_171/public/CBOS%2520logo%2520Black_6_17_10_1_38_10.jpg?itok=_OL9hGQT,https://cbos.gov.sd/ar/periodicals-publications,CBOS%2520logo%2520Black_6_17_10_1_38_10.jpg,cbos-source-assets/original/other/other_137_CBOS%2520logo%2520Black_6_17_10_1_38_10.jpg,45732,jpg,other,CATEGORY 1 — OFFICIAL / DOCUMENTARY ASSET,ar,,CBOS%2520logo%2520Black 6 17 10 1 38 10.jpg,ar_pub,Central Bank of Sudan Official Website Public Asset,PRESERVE,,PRESERVE
CBOS-AST-0138,https://cbos.gov.sd/sites/default/files/styles/publications_255_x_171/public/CBOS%2520logo%2520Black_6_17_10_1_38_9.jpg?itok=W9zJuke9,https://cbos.gov.sd/ar/periodicals-publications,CBOS%2520logo%2520Black_6_17_10_1_38_9.jpg,cbos-source-assets/original/other/other_138_CBOS%2520logo%2520Black_6_17_10_1_38_9.jpg,45732,jpg,other,CATEGORY 1 — OFFICIAL / DOCUMENTARY ASSET,ar,,CBOS%2520logo%2520Black 6 17 10 1 38 9.jpg,ar_pub,Central Bank of Sudan Official Website Public Asset,PRESERVE,,PRESERVE
CBOS-AST-0139,https://cbos.gov.sd/sites/default/files/styles/publications_255_x_171/public/CBOS%2520logo%2520Black_6_17_10_1_38_8.jpg?itok=UahW20_w,https://cbos.gov.sd/ar/periodicals-publications,CBOS%2520logo%2520Black_6_17_10_1_38_8.jpg,cbos-source-assets/original/other/other_139_CBOS%2520logo%2520Black_6_17_10_1_38_8.jpg,45732,jpg,other,CATEGORY 1 — OFFICIAL / DOCUMENTARY ASSET,ar,,CBOS%2520logo%2520Black 6 17 10 1 38 8.jpg,ar_pub,Central Bank of Sudan Official Website Public Asset,PRESERVE,,PRESERVE
CBOS-AST-0140,https://cbos.gov.sd/sites/default/files/styles/publications_255_x_171/public/CBOS%2520logo%2520Black_6_17_10_1_38_7.jpg?itok=KWqohLOI,https://cbos.gov.sd/ar/periodicals-publications,CBOS%2520logo%2520Black_6_17_10_1_38_7.jpg,cbos-source-assets/original/other/other_140_CBOS%2520logo%2520Black_6_17_10_1_38_7.jpg,45732,jpg,other,CATEGORY 1 — OFFICIAL / DOCUMENTARY ASSET,ar,,CBOS%2520logo%2520Black 6 17 10 1 38 7.jpg,ar_pub,Central Bank of Sudan Official Website Public Asset,PRESERVE,,PRESERVE
CBOS-AST-0141,https://cbos.gov.sd/sites/default/files/styles/publications_255_x_171/public/CBOS%2520logo%2520Black_6_17_10_1_38_5.jpg?itok=6ZpemkQL,https://cbos.gov.sd/ar/periodicals-publications,CBOS%2520logo%2520Black_6_17_10_1_38_5.jpg,cbos-source-assets/original/other/other_141_CBOS%2520logo%2520Black_6_17_10_1_38_5.jpg,45732,jpg,other,CATEGORY 1 — OFFICIAL / DOCUMENTARY ASSET,ar,,CBOS%2520logo%2520Black 6 17 10 1 38 5.jpg,ar_pub,Central Bank of Sudan Official Website Public Asset,PRESERVE,,PRESERVE
CBOS-AST-0142,https://cbos.gov.sd/sites/default/files/styles/publications_255_x_171/public/CBOS%2520logo%2520Black_6_17_10_1_38_2.jpg?itok=fsJ4rfzB,https://cbos.gov.sd/ar/periodicals-publications,CBOS%2520logo%2520Black_6_17_10_1_38_2.jpg,cbos-source-assets/original/other/other_142_CBOS%2520logo%2520Black_6_17_10_1_38_2.jpg,45732,jpg,other,CATEGORY 1 — OFFICIAL / DOCUMENTARY ASSET,ar,,CBOS%2520logo%2520Black 6 17 10 1 38 2.jpg,ar_pub,Central Bank of Sudan Official Website Public Asset,PRESERVE,,PRESERVE
CBOS-AST-0143,https://cbos.gov.sd/sites/default/files/styles/publications_255_x_171/public/CBOS%20logo%20Black_6_17_9_0_34_2.jpg?itok=5QKDIdEF,https://cbos.gov.sd/ar/periodicals-publications,CBOS%20logo%20Black_6_17_9_0_34_2.jpg,cbos-source-assets/original/other/other_143_CBOS%20logo%20Black_6_17_9_0_34_2.jpg,45732,jpg,other,CATEGORY 1 — OFFICIAL / DOCUMENTARY ASSET,ar,,CBOS%20logo%20Black 6 17 9 0 34 2.jpg,ar_pub,Central Bank of Sudan Official Website Public Asset,PRESERVE,,PRESERVE
CBOS-AST-0144,https://cbos.gov.sd/sites/default/files/styles/publications_255_x_171/public/CBOS%20logo%20Black_6_17_9_0_34_0.jpg?itok=HSnDLpPg,https://cbos.gov.sd/ar/periodicals-publications,CBOS%20logo%20Black_6_17_9_0_34_0.jpg,cbos-source-assets/original/other/other_144_CBOS%20logo%20Black_6_17_9_0_34_0.jpg,45732,jpg,other,CATEGORY 1 — OFFICIAL / DOCUMENTARY ASSET,ar,,CBOS%20logo%20Black 6 17 9 0 34 0.jpg,ar_pub,Central Bank of Sudan Official Website Public Asset,PRESERVE,,PRESERVE
CBOS-AST-0145,https://cbos.gov.sd/sites/default/files/styles/publications_255_x_171/public/CBOS%20logo%20Black_6_17_9_0_34.jpg?itok=TLM7DV1h,https://cbos.gov.sd/ar/periodicals-publications,CBOS%20logo%20Black_6_17_9_0_34.jpg,cbos-source-assets/original/other/other_145_CBOS%20logo%20Black_6_17_9_0_34.jpg,45595,jpg,other,CATEGORY 1 — OFFICIAL / DOCUMENTARY ASSET,ar,,CBOS%20logo%20Black 6 17 9 0 34.jpg,ar_pub,Central Bank of Sudan Official Website Public Asset,PRESERVE,,PRESERVE
CBOS-AST-0146,https://cbos.gov.sd/sites/default/files/styles/publications_255_x_171/public/CBOS%2520logo%2520Black_6_17_10_1_38_4.jpg?itok=9aZkuLnv,https://cbos.gov.sd/ar/periodicals-publications,CBOS%2520logo%2520Black_6_17_10_1_38_4.jpg,cbos-source-assets/original/other/other_146_CBOS%2520logo%2520Black_6_17_10_1_38_4.jpg,45732,jpg,other,CATEGORY 1 — OFFICIAL / DOCUMENTARY ASSET,ar,,CBOS%2520logo%2520Black 6 17 10 1 38 4.jpg,ar_pub,Central Bank of Sudan Official Website Public Asset,PRESERVE,,PRESERVE
CBOS-AST-0147,https://cbos.gov.sd/sites/default/files/styles/publications_255_x_171/public/MFU_2_0.jpg?itok=D7nQiPbr,https://cbos.gov.sd/ar/periodicals-publications,MFU_2_0.jpg,cbos-source-assets/original/other/other_147_MFU_2_0.jpg,31311,jpg,other,CATEGORY 2 — EDITORIAL / ATMOSPHERIC,ar,,MFU 2 0.jpg,ar_pub,Central Bank of Sudan Official Website Public Asset,REVIEW,,REVIEW
CBOS-AST-0148,https://cbos.gov.sd/sites/default/files/styles/publications_255_x_171/public/CBOS%2520logo%2520Black_6_17_10_1_38_3.jpg?itok=afglaCme,https://cbos.gov.sd/ar/periodicals-publications,CBOS%2520logo%2520Black_6_17_10_1_38_3.jpg,cbos-source-assets/original/other/other_148_CBOS%2520logo%2520Black_6_17_10_1_38_3.jpg,45732,jpg,other,CATEGORY 1 — OFFICIAL / DOCUMENTARY ASSET,ar,,CBOS%2520logo%2520Black 6 17 10 1 38 3.jpg,ar_pub,Central Bank of Sudan Official Website Public Asset,PRESERVE,,PRESERVE
CBOS-AST-0149,https://cbos.gov.sd/sites/default/files/styles/publications_255_x_171/public/CBOS%2520logo%2520Black_6_17_10_1_45.jpg?itok=GGGz-gY2,https://cbos.gov.sd/ar/periodicals-publications,CBOS%2520logo%2520Black_6_17_10_1_45.jpg,cbos-source-assets/original/other/other_149_CBOS%2520logo%2520Black_6_17_10_1_45.jpg,45595,jpg,other,CATEGORY 1 — OFFICIAL / DOCUMENTARY ASSET,ar,,CBOS%2520logo%2520Black 6 17 10 1 45.jpg,ar_pub,Central Bank of Sudan Official Website Public Asset,PRESERVE,,PRESERVE
CBOS-AST-0150,https://cbos.gov.sd/sites/default/files/styles/publications_255_x_171/public/image001.png?itok=iXSMk2fE,https://cbos.gov.sd/ar/periodicals-publications,image001.png,cbos-source-assets/original/other/other_150_image001.png,41205,png,other,CATEGORY 2 — EDITORIAL / ATMOSPHERIC,ar,,image001.png,ar_pub,Central Bank of Sudan Official Website Public Asset,REVIEW,,REVIEW
CBOS-AST-0151,https://cbos.gov.sd/sites/default/files/styles/publications_255_x_171/public/CBOS%2520logo%2520Black_6_17_10_1_38_0.jpg?itok=0_xbylJP,https://cbos.gov.sd/ar/periodicals-publications,CBOS%2520logo%2520Black_6_17_10_1_38_0.jpg,cbos-source-assets/original/other/other_151_CBOS%2520logo%2520Black_6_17_10_1_38_0.jpg,45732,jpg,other,CATEGORY 1 — OFFICIAL / DOCUMENTARY ASSET,ar,,CBOS%2520logo%2520Black 6 17 10 1 38 0.jpg,ar_pub,Central Bank of Sudan Official Website Public Asset,PRESERVE,,PRESERVE
CBOS-AST-0152,https://cbos.gov.sd/sites/default/files/styles/publications_255_x_171/public/CBOS%2520logo%2520Black_6_17_10_1_44.jpg?itok=wr9-hnp_,https://cbos.gov.sd/ar/periodicals-publications,CBOS%2520logo%2520Black_6_17_10_1_44.jpg,cbos-source-assets/original/other/other_152_CBOS%2520logo%2520Black_6_17_10_1_44.jpg,45595,jpg,other,CATEGORY 1 — OFFICIAL / DOCUMENTARY ASSET,ar,,CBOS%2520logo%2520Black 6 17 10 1 44.jpg,ar_pub,Central Bank of Sudan Official Website Public Asset,PRESERVE,,PRESERVE
CBOS-AST-0153,https://cbos.gov.sd/sites/default/files/styles/publications_255_x_171/public/MFU_2.jpg?itok=rdkGJTzH,https://cbos.gov.sd/ar/periodicals-publications,MFU_2.jpg,cbos-source-assets/original/other/other_153_MFU_2.jpg,31311,jpg,other,CATEGORY 2 — EDITORIAL / ATMOSPHERIC,ar,,MFU 2.jpg,ar_pub,Central Bank of Sudan Official Website Public Asset,REVIEW,,REVIEW
CBOS-AST-0154,https://cbos.gov.sd/sites/default/files/styles/publications_255_x_171/public/MFU_1.jpg?itok=3tgSgJ0O,https://cbos.gov.sd/ar/periodicals-publications,MFU_1.jpg,cbos-source-assets/original/other/other_154_MFU_1.jpg,31311,jpg,other,CATEGORY 2 — EDITORIAL / ATMOSPHERIC,ar,,MFU 1.jpg,ar_pub,Central Bank of Sudan Official Website Public Asset,REVIEW,,REVIEW
CBOS-AST-0155,https://cbos.gov.sd/sites/default/files/styles/publications_255_x_171/public/CBOS%2520logo%2520Black_6_17_10_1_43.jpg?itok=x6WH27HH,https://cbos.gov.sd/ar/periodicals-publications,CBOS%2520logo%2520Black_6_17_10_1_43.jpg,cbos-source-assets/original/other/other_155_CBOS%2520logo%2520Black_6_17_10_1_43.jpg,45595,jpg,other,CATEGORY 1 — OFFICIAL / DOCUMENTARY ASSET,ar,,CBOS%2520logo%2520Black 6 17 10 1 43.jpg,ar_pub,Central Bank of Sudan Official Website Public Asset,PRESERVE,,PRESERVE
CBOS-AST-0156,https://cbos.gov.sd/sites/default/files/styles/publications_255_x_171/public/CBOS%2520logo%2520Black_6_17_10_1_42.jpg?itok=3zVb_qcQ,https://cbos.gov.sd/ar/periodicals-publications,CBOS%2520logo%2520Black_6_17_10_1_42.jpg,cbos-source-assets/original/other/other_156_CBOS%2520logo%2520Black_6_17_10_1_42.jpg,45595,jpg,other,CATEGORY 1 — OFFICIAL / DOCUMENTARY ASSET,ar,,CBOS%2520logo%2520Black 6 17 10 1 42.jpg,ar_pub,Central Bank of Sudan Official Website Public Asset,PRESERVE,,PRESERVE
CBOS-AST-0157,https://cbos.gov.sd/sites/default/files/styles/publications_255_x_171/public/CBOS%20logo%20Black_6_17_9_0_35.jpg?itok=N8qJWNBz,https://cbos.gov.sd/ar/periodicals-publications,CBOS%20logo%20Black_6_17_9_0_35.jpg,cbos-source-assets/original/other/other_157_CBOS%20logo%20Black_6_17_9_0_35.jpg,45595,jpg,other,CATEGORY 1 — OFFICIAL / DOCUMENTARY ASSET,ar,,CBOS%20logo%20Black 6 17 9 0 35.jpg,ar_pub,Central Bank of Sudan Official Website Public Asset,PRESERVE,,PRESERVE
CBOS-AST-0158,https://cbos.gov.sd/sites/default/files/styles/publications_255_x_171/public/CBOS%2520logo%2520Black_6_17_10_1_39.jpg?itok=gjfrOxbc,https://cbos.gov.sd/ar/periodicals-publications,CBOS%2520logo%2520Black_6_17_10_1_39.jpg,cbos-source-assets/original/other/other_158_CBOS%2520logo%2520Black_6_17_10_1_39.jpg,45595,jpg,other,CATEGORY 1 — OFFICIAL / DOCUMENTARY ASSET,ar,,CBOS%2520logo%2520Black 6 17 10 1 39.jpg,ar_pub,Central Bank of Sudan Official Website Public Asset,PRESERVE,,PRESERVE
CBOS-AST-0159,https://cbos.gov.sd/sites/default/files/styles/publications_255_x_171/public/CBOS%2520logo%2520Black_6_17_10_1_33_0.jpg?itok=7VA0pxNw,https://cbos.gov.sd/ar/periodicals-publications,CBOS%2520logo%2520Black_6_17_10_1_33_0.jpg,cbos-source-assets/original/other/other_159_CBOS%2520logo%2520Black_6_17_10_1_33_0.jpg,45732,jpg,other,CATEGORY 1 — OFFICIAL / DOCUMENTARY ASSET,ar,,CBOS%2520logo%2520Black 6 17 10 1 33 0.jpg,ar_pub,Central Bank of Sudan Official Website Public Asset,PRESERVE,,PRESERVE
CBOS-AST-0160,https://cbos.gov.sd/sites/default/files/styles/publications_255_x_171/public/CBOS%2520logo%2520Black_6_17_10_1_38.jpg?itok=ZUzonLz2,https://cbos.gov.sd/ar/periodicals-publications,CBOS%2520logo%2520Black_6_17_10_1_38.jpg,cbos-source-assets/original/other/other_160_CBOS%2520logo%2520Black_6_17_10_1_38.jpg,45595,jpg,other,CATEGORY 1 — OFFICIAL / DOCUMENTARY ASSET,ar,,CBOS%2520logo%2520Black 6 17 10 1 38.jpg,ar_pub,Central Bank of Sudan Official Website Public Asset,PRESERVE,,PRESERVE
CBOS-AST-0161,https://cbos.gov.sd/sites/default/files/styles/publications_255_x_171/public/CBOS%2520logo%2520Black_6_17_9_0_32_0.jpg?itok=vC4E3l4A,https://cbos.gov.sd/ar/periodicals-publications,CBOS%2520logo%2520Black_6_17_9_0_32_0.jpg,cbos-source-assets/original/other/other_161_CBOS%2520logo%2520Black_6_17_9_0_32_0.jpg,45595,jpg,other,CATEGORY 1 — OFFICIAL / DOCUMENTARY ASSET,ar,,CBOS%2520logo%2520Black 6 17 9 0 32 0.jpg,ar_pub,Central Bank of Sudan Official Website Public Asset,PRESERVE,,PRESERVE
CBOS-AST-0162,https://cbos.gov.sd/sites/default/files/styles/publications_255_x_171/public/CBOS%2520logo%2520Black_6_17_9_0_32.jpg?itok=LcMTmejb,https://cbos.gov.sd/ar/periodicals-publications,CBOS%2520logo%2520Black_6_17_9_0_32.jpg,cbos-source-assets/original/other/other_162_CBOS%2520logo%2520Black_6_17_9_0_32.jpg,45595,jpg,other,CATEGORY 1 — OFFICIAL / DOCUMENTARY ASSET,ar,,CBOS%2520logo%2520Black 6 17 9 0 32.jpg,ar_pub,Central Bank of Sudan Official Website Public Asset,PRESERVE,,PRESERVE
CBOS-AST-0163,https://cbos.gov.sd/sites/default/files/styles/publications_255_x_171/public/CBOS%2520logo%2520Black_6_17_10_1_32.jpg?itok=kMY2EI_l,https://cbos.gov.sd/ar/periodicals-publications,CBOS%2520logo%2520Black_6_17_10_1_32.jpg,cbos-source-assets/original/other/other_163_CBOS%2520logo%2520Black_6_17_10_1_32.jpg,45595,jpg,other,CATEGORY 1 — OFFICIAL / DOCUMENTARY ASSET,ar,,CBOS%2520logo%2520Black 6 17 10 1 32.jpg,ar_pub,Central Bank of Sudan Official Website Public Asset,PRESERVE,,PRESERVE
CBOS-AST-0164,https://cbos.gov.sd/sites/default/files/styles/publications_255_x_171/public/CBOS%2520logo%2520Black_6_17_10_1_34.jpg?itok=9AGKCWwJ,https://cbos.gov.sd/ar/periodicals-publications,CBOS%2520logo%2520Black_6_17_10_1_34.jpg,cbos-source-assets/original/other/other_164_CBOS%2520logo%2520Black_6_17_10_1_34.jpg,45595,jpg,other,CATEGORY 1 — OFFICIAL / DOCUMENTARY ASSET,ar,,CBOS%2520logo%2520Black 6 17 10 1 34.jpg,ar_pub,Central Bank of Sudan Official Website Public Asset,PRESERVE,,PRESERVE
CBOS-AST-0165,https://cbos.gov.sd/sites/default/files/styles/publications_255_x_171/public/CBOS%2520logo%2520Black_6_17_10_1_33.jpg?itok=aiq1UJJL,https://cbos.gov.sd/ar/periodicals-publications,CBOS%2520logo%2520Black_6_17_10_1_33.jpg,cbos-source-assets/original/other/other_165_CBOS%2520logo%2520Black_6_17_10_1_33.jpg,45595,jpg,other,CATEGORY 1 — OFFICIAL / DOCUMENTARY ASSET,ar,,CBOS%2520logo%2520Black 6 17 10 1 33.jpg,ar_pub,Central Bank of Sudan Official Website Public Asset,PRESERVE,,PRESERVE
CBOS-AST-0166,https://cbos.gov.sd/sites/default/files/styles/publications_255_x_171/public/CBOS%20logo%20Black_6_17_10_1_1_0_3.jpg?itok=WIcnkveY,https://cbos.gov.sd/ar/periodicals-publications,CBOS%20logo%20Black_6_17_10_1_1_0_3.jpg,cbos-source-assets/original/other/other_166_CBOS%20logo%20Black_6_17_10_1_1_0_3.jpg,45732,jpg,other,CATEGORY 1 — OFFICIAL / DOCUMENTARY ASSET,ar,,CBOS%20logo%20Black 6 17 10 1 1 0 3.jpg,ar_pub,Central Bank of Sudan Official Website Public Asset,PRESERVE,,PRESERVE
CBOS-AST-0167,https://cbos.gov.sd/sites/default/files/styles/publications_255_x_171/public/CBOS%20logo%20Black_6_17_10_1_1_0_1.jpg?itok=IhtIrjJw,https://cbos.gov.sd/ar/periodicals-publications,CBOS%20logo%20Black_6_17_10_1_1_0_1.jpg,cbos-source-assets/original/other/other_167_CBOS%20logo%20Black_6_17_10_1_1_0_1.jpg,45732,jpg,other,CATEGORY 1 — OFFICIAL / DOCUMENTARY ASSET,ar,,CBOS%20logo%20Black 6 17 10 1 1 0 1.jpg,ar_pub,Central Bank of Sudan Official Website Public Asset,PRESERVE,,PRESERVE
CBOS-AST-0168,https://cbos.gov.sd/sites/default/files/styles/publications_255_x_171/public/CBOS%20logo%20Black_6_17_10_1_16_0.jpg?itok=p2AaUFBs,https://cbos.gov.sd/ar/periodicals-publications,CBOS%20logo%20Black_6_17_10_1_16_0.jpg,cbos-source-assets/original/other/other_168_CBOS%20logo%20Black_6_17_10_1_16_0.jpg,45732,jpg,other,CATEGORY 1 — OFFICIAL / DOCUMENTARY ASSET,ar,,CBOS%20logo%20Black 6 17 10 1 16 0.jpg,ar_pub,Central Bank of Sudan Official Website Public Asset,PRESERVE,,PRESERVE
CBOS-AST-0169,https://cbos.gov.sd/sites/default/files/styles/publications_255_x_171/public/CBOS%20logo%20Black_6_17_10_1_16.jpg?itok=5KK47Iyx,https://cbos.gov.sd/ar/periodicals-publications,CBOS%20logo%20Black_6_17_10_1_16.jpg,cbos-source-assets/original/other/other_169_CBOS%20logo%20Black_6_17_10_1_16.jpg,45732,jpg,other,CATEGORY 1 — OFFICIAL / DOCUMENTARY ASSET,ar,,CBOS%20logo%20Black 6 17 10 1 16.jpg,ar_pub,Central Bank of Sudan Official Website Public Asset,PRESERVE,,PRESERVE
CBOS-AST-0170,https://cbos.gov.sd/sites/default/files/styles/publications_255_x_171/public/MFU_0.jpg?itok=P-PqgbwN,https://cbos.gov.sd/ar/periodicals-publications,MFU_0.jpg,cbos-source-assets/original/other/other_170_MFU_0.jpg,31311,jpg,other,CATEGORY 2 — EDITORIAL / ATMOSPHERIC,ar,,MFU 0.jpg,ar_pub,Central Bank of Sudan Official Website Public Asset,REVIEW,,REVIEW
CBOS-AST-0171,https://cbos.gov.sd/sites/default/files/styles/publications_255_x_171/public/CBOS%2520logo%2520Black_6_17_10_1_29.jpg?itok=N1IXry3K,https://cbos.gov.sd/ar/periodicals-publications,CBOS%2520logo%2520Black_6_17_10_1_29.jpg,cbos-source-assets/original/other/other_171_CBOS%2520logo%2520Black_6_17_10_1_29.jpg,45595,jpg,other,CATEGORY 1 — OFFICIAL / DOCUMENTARY ASSET,ar,,CBOS%2520logo%2520Black 6 17 10 1 29.jpg,ar_pub,Central Bank of Sudan Official Website Public Asset,PRESERVE,,PRESERVE
CBOS-AST-0172,https://cbos.gov.sd/sites/default/files/styles/publications_255_x_171/public/CBOS%2520logo%2520Black_6_17_10_1_27.jpg?itok=BViaaC5u,https://cbos.gov.sd/ar/periodicals-publications,CBOS%2520logo%2520Black_6_17_10_1_27.jpg,cbos-source-assets/original/other/other_172_CBOS%2520logo%2520Black_6_17_10_1_27.jpg,45595,jpg,other,CATEGORY 1 — OFFICIAL / DOCUMENTARY ASSET,ar,,CBOS%2520logo%2520Black 6 17 10 1 27.jpg,ar_pub,Central Bank of Sudan Official Website Public Asset,PRESERVE,,PRESERVE
CBOS-AST-0173,https://cbos.gov.sd/sites/default/files/styles/publications_255_x_171/public/CBOS%2520logo%2520Black_6_17_10_1_20.jpg?itok=O6UPVN48,https://cbos.gov.sd/ar/periodicals-publications,CBOS%2520logo%2520Black_6_17_10_1_20.jpg,cbos-source-assets/original/other/other_173_CBOS%2520logo%2520Black_6_17_10_1_20.jpg,45595,jpg,other,CATEGORY 1 — OFFICIAL / DOCUMENTARY ASSET,ar,,CBOS%2520logo%2520Black 6 17 10 1 20.jpg,ar_pub,Central Bank of Sudan Official Website Public Asset,PRESERVE,,PRESERVE
CBOS-AST-0174,https://cbos.gov.sd/sites/default/files/styles/publications_255_x_171/public/CBOS%2520logo%2520Black_6_17_10_1_30.jpg?itok=0C43MVt5,https://cbos.gov.sd/ar/periodicals-publications,CBOS%2520logo%2520Black_6_17_10_1_30.jpg,cbos-source-assets/original/other/other_174_CBOS%2520logo%2520Black_6_17_10_1_30.jpg,45595,jpg,other,CATEGORY 1 — OFFICIAL / DOCUMENTARY ASSET,ar,,CBOS%2520logo%2520Black 6 17 10 1 30.jpg,ar_pub,Central Bank of Sudan Official Website Public Asset,PRESERVE,,PRESERVE
CBOS-AST-0175,https://cbos.gov.sd/sites/default/files/styles/publications_255_x_171/public/CBOS%20logo%20Black_6_17_10_1_1_0.jpg?itok=OR6QXx3O,https://cbos.gov.sd/ar/periodicals-publications,CBOS%20logo%20Black_6_17_10_1_1_0.jpg,cbos-source-assets/original/other/other_175_CBOS%20logo%20Black_6_17_10_1_1_0.jpg,45732,jpg,other,CATEGORY 1 — OFFICIAL / DOCUMENTARY ASSET,ar,,CBOS%20logo%20Black 6 17 10 1 1 0.jpg,ar_pub,Central Bank of Sudan Official Website Public Asset,PRESERVE,,PRESERVE
CBOS-AST-0176,https://cbos.gov.sd/sites/default/files/styles/publications_255_x_171/public/CBOS%2520logo%2520Black_6_17_10_1_28.jpg?itok=jTGEgTts,https://cbos.gov.sd/ar/periodicals-publications,CBOS%2520logo%2520Black_6_17_10_1_28.jpg,cbos-source-assets/original/other/other_176_CBOS%2520logo%2520Black_6_17_10_1_28.jpg,45595,jpg,other,CATEGORY 1 — OFFICIAL / DOCUMENTARY ASSET,ar,,CBOS%2520logo%2520Black 6 17 10 1 28.jpg,ar_pub,Central Bank of Sudan Official Website Public Asset,PRESERVE,,PRESERVE
CBOS-AST-0177,https://cbos.gov.sd/sites/default/files/styles/publications_255_x_171/public/CBOS%20logo%20Black_6_17_9_0_33_1.jpg?itok=0zXHEALI,https://cbos.gov.sd/ar/periodicals-publications,CBOS%20logo%20Black_6_17_9_0_33_1.jpg,cbos-source-assets/original/other/other_177_CBOS%20logo%20Black_6_17_9_0_33_1.jpg,45732,jpg,other,CATEGORY 1 — OFFICIAL / DOCUMENTARY ASSET,ar,,CBOS%20logo%20Black 6 17 9 0 33 1.jpg,ar_pub,Central Bank of Sudan Official Website Public Asset,PRESERVE,,PRESERVE
CBOS-AST-0178,https://cbos.gov.sd/sites/default/files/styles/publications_255_x_171/public/CBOS%20logo%20Black_6_17_9_0_33_0.jpg?itok=8Ew2w-tO,https://cbos.gov.sd/ar/periodicals-publications,CBOS%20logo%20Black_6_17_9_0_33_0.jpg,cbos-source-assets/original/other/other_178_CBOS%20logo%20Black_6_17_9_0_33_0.jpg,45732,jpg,other,CATEGORY 1 — OFFICIAL / DOCUMENTARY ASSET,ar,,CBOS%20logo%20Black 6 17 9 0 33 0.jpg,ar_pub,Central Bank of Sudan Official Website Public Asset,PRESERVE,,PRESERVE
CBOS-AST-0179,https://cbos.gov.sd/sites/default/files/styles/publications_255_x_171/public/CBOS%2520logo%2520Black_6_17_10_1_1_0.jpg?itok=DoToqrWG,https://cbos.gov.sd/ar/periodicals-publications,CBOS%2520logo%2520Black_6_17_10_1_1_0.jpg,cbos-source-assets/original/other/other_179_CBOS%2520logo%2520Black_6_17_10_1_1_0.jpg,45595,jpg,other,CATEGORY 1 — OFFICIAL / DOCUMENTARY ASSET,ar,,CBOS%2520logo%2520Black 6 17 10 1 1 0.jpg,ar_pub,Central Bank of Sudan Official Website Public Asset,PRESERVE,,PRESERVE
CBOS-AST-0180,https://cbos.gov.sd/sites/default/files/styles/publications_255_x_171/public/CBOS%2520logo%2520Black_6_17_10_1_4.jpg?itok=VSV8R5iy,https://cbos.gov.sd/ar/periodicals-publications,CBOS%2520logo%2520Black_6_17_10_1_4.jpg,cbos-source-assets/original/other/other_180_CBOS%2520logo%2520Black_6_17_10_1_4.jpg,45595,jpg,other,CATEGORY 1 — OFFICIAL / DOCUMENTARY ASSET,ar,,CBOS%2520logo%2520Black 6 17 10 1 4.jpg,ar_pub,Central Bank of Sudan Official Website Public Asset,PRESERVE,,PRESERVE
CBOS-AST-0181,https://cbos.gov.sd/sites/default/files/styles/publications_255_x_171/public/CBOS%2520logo%2520Black_6_17_10_1_1.jpg?itok=lDSAGdOF,https://cbos.gov.sd/ar/periodicals-publications,CBOS%2520logo%2520Black_6_17_10_1_1.jpg,cbos-source-assets/original/other/other_181_CBOS%2520logo%2520Black_6_17_10_1_1.jpg,45595,jpg,other,CATEGORY 1 — OFFICIAL / DOCUMENTARY ASSET,ar,,CBOS%2520logo%2520Black 6 17 10 1 1.jpg,ar_pub,Central Bank of Sudan Official Website Public Asset,PRESERVE,,PRESERVE
CBOS-AST-0182,https://cbos.gov.sd/sites/default/files/styles/publications_255_x_171/public/CBOS%2520logo%2520Black_6_17_10_1_3.jpg?itok=SiTPmzG2,https://cbos.gov.sd/ar/periodicals-publications,CBOS%2520logo%2520Black_6_17_10_1_3.jpg,cbos-source-assets/original/other/other_182_CBOS%2520logo%2520Black_6_17_10_1_3.jpg,45595,jpg,other,CATEGORY 1 — OFFICIAL / DOCUMENTARY ASSET,ar,,CBOS%2520logo%2520Black 6 17 10 1 3.jpg,ar_pub,Central Bank of Sudan Official Website Public Asset,PRESERVE,,PRESERVE
CBOS-AST-0183,https://cbos.gov.sd/sites/default/files/styles/publications_255_x_171/public/CBOS%20logo%20Black_6_17_9_0_33.jpg?itok=tKrAj_PR,https://cbos.gov.sd/ar/periodicals-publications,CBOS%20logo%20Black_6_17_9_0_33.jpg,cbos-source-assets/original/other/other_183_CBOS%20logo%20Black_6_17_9_0_33.jpg,45595,jpg,other,CATEGORY 1 — OFFICIAL / DOCUMENTARY ASSET,ar,,CBOS%20logo%20Black 6 17 9 0 33.jpg,ar_pub,Central Bank of Sudan Official Website Public Asset,PRESERVE,,PRESERVE
CBOS-AST-0184,https://cbos.gov.sd/sites/default/files/styles/publications_255_x_171/public/CBOS%20logo%20Black_6_17_9_0_32.jpg?itok=DUsPzyFG,https://cbos.gov.sd/ar/periodicals-publications,CBOS%20logo%20Black_6_17_9_0_32.jpg,cbos-source-assets/original/other/other_184_CBOS%20logo%20Black_6_17_9_0_32.jpg,45595,jpg,other,CATEGORY 1 — OFFICIAL / DOCUMENTARY ASSET,ar,,CBOS%20logo%20Black 6 17 9 0 32.jpg,ar_pub,Central Bank of Sudan Official Website Public Asset,PRESERVE,,PRESERVE
CBOS-AST-0185,https://cbos.gov.sd/sites/default/files/styles/publications_255_x_171/public/CBOS%20logo%20Black_6_17_9_0_27.jpg?itok=yqjzS2Ip,https://cbos.gov.sd/ar/periodicals-publications,CBOS%20logo%20Black_6_17_9_0_27.jpg,cbos-source-assets/original/other/other_185_CBOS%20logo%20Black_6_17_9_0_27.jpg,45595,jpg,other,CATEGORY 1 — OFFICIAL / DOCUMENTARY ASSET,ar,,CBOS%20logo%20Black 6 17 9 0 27.jpg,ar_pub,Central Bank of Sudan Official Website Public Asset,PRESERVE,,PRESERVE
CBOS-AST-0186,https://cbos.gov.sd/sites/default/files/styles/publications_255_x_171/public/CBOS%20logo%20Black_6_17_9_0_25.jpg?itok=IGRRqytU,https://cbos.gov.sd/ar/periodicals-publications,CBOS%20logo%20Black_6_17_9_0_25.jpg,cbos-source-assets/original/other/other_186_CBOS%20logo%20Black_6_17_9_0_25.jpg,45595,jpg,other,CATEGORY 1 — OFFICIAL / DOCUMENTARY ASSET,ar,,CBOS%20logo%20Black 6 17 9 0 25.jpg,ar_pub,Central Bank of Sudan Official Website Public Asset,PRESERVE,,PRESERVE
CBOS-AST-0187,https://cbos.gov.sd/sites/default/files/styles/publications_255_x_171/public/CBOS%20logo%20Black_6_17_9_0_23.jpg?itok=ndA7tiBZ,https://cbos.gov.sd/ar/periodicals-publications,CBOS%20logo%20Black_6_17_9_0_23.jpg,cbos-source-assets/original/other/other_187_CBOS%20logo%20Black_6_17_9_0_23.jpg,45595,jpg,other,CATEGORY 1 — OFFICIAL / DOCUMENTARY ASSET,ar,,CBOS%20logo%20Black 6 17 9 0 23.jpg,ar_pub,Central Bank of Sudan Official Website Public Asset,PRESERVE,,PRESERVE
CBOS-AST-0188,https://cbos.gov.sd/sites/default/files/styles/publications_255_x_171/public/CBOS%20logo%20Black_6_17_9_0_22.jpg?itok=pfb7l6PG,https://cbos.gov.sd/ar/periodicals-publications,CBOS%20logo%20Black_6_17_9_0_22.jpg,cbos-source-assets/original/other/other_188_CBOS%20logo%20Black_6_17_9_0_22.jpg,45595,jpg,other,CATEGORY 1 — OFFICIAL / DOCUMENTARY ASSET,ar,,CBOS%20logo%20Black 6 17 9 0 22.jpg,ar_pub,Central Bank of Sudan Official Website Public Asset,PRESERVE,,PRESERVE
CBOS-AST-0189,https://cbos.gov.sd/sites/default/files/styles/publications_255_x_171/public/CBOS%20logo%20Black_6_17_9_0_24.jpg?itok=tmyUpRjn,https://cbos.gov.sd/ar/periodicals-publications,CBOS%20logo%20Black_6_17_9_0_24.jpg,cbos-source-assets/original/other/other_189_CBOS%20logo%20Black_6_17_9_0_24.jpg,45595,jpg,other,CATEGORY 1 — OFFICIAL / DOCUMENTARY ASSET,ar,,CBOS%20logo%20Black 6 17 9 0 24.jpg,ar_pub,Central Bank of Sudan Official Website Public Asset,PRESERVE,,PRESERVE
CBOS-AST-0190,https://cbos.gov.sd/sites/default/files/styles/publications_255_x_171/public/CBOS%20logo%20Black_6_17_9_0_21.jpg?itok=q1Q9rbtJ,https://cbos.gov.sd/ar/periodicals-publications,CBOS%20logo%20Black_6_17_9_0_21.jpg,cbos-source-assets/original/other/other_190_CBOS%20logo%20Black_6_17_9_0_21.jpg,45595,jpg,other,CATEGORY 1 — OFFICIAL / DOCUMENTARY ASSET,ar,,CBOS%20logo%20Black 6 17 9 0 21.jpg,ar_pub,Central Bank of Sudan Official Website Public Asset,PRESERVE,,PRESERVE
CBOS-AST-0191,https://cbos.gov.sd/sites/default/files/styles/publications_255_x_171/public/CBOS%20logo%20Black_6_17_9_0_20.jpg?itok=4SZjycFA,https://cbos.gov.sd/ar/periodicals-publications,CBOS%20logo%20Black_6_17_9_0_20.jpg,cbos-source-assets/original/other/other_191_CBOS%20logo%20Black_6_17_9_0_20.jpg,45595,jpg,other,CATEGORY 1 — OFFICIAL / DOCUMENTARY ASSET,ar,,CBOS%20logo%20Black 6 17 9 0 20.jpg,ar_pub,Central Bank of Sudan Official Website Public Asset,PRESERVE,,PRESERVE
CBOS-AST-0192,https://cbos.gov.sd/sites/default/files/styles/publications_255_x_171/public/CBOS%20logo%20Black_6_17_9_0_19.jpg?itok=9Fdd2gKG,https://cbos.gov.sd/ar/periodicals-publications,CBOS%20logo%20Black_6_17_9_0_19.jpg,cbos-source-assets/original/other/other_192_CBOS%20logo%20Black_6_17_9_0_19.jpg,45595,jpg,other,CATEGORY 1 — OFFICIAL / DOCUMENTARY ASSET,ar,,CBOS%20logo%20Black 6 17 9 0 19.jpg,ar_pub,Central Bank of Sudan Official Website Public Asset,PRESERVE,,PRESERVE
CBOS-AST-0193,https://cbos.gov.sd/sites/default/files/styles/publications_255_x_171/public/CBOS%20logo%20Black_6_17_9_0_16.jpg?itok=ZxjaXQlX,https://cbos.gov.sd/ar/periodicals-publications,CBOS%20logo%20Black_6_17_9_0_16.jpg,cbos-source-assets/original/other/other_193_CBOS%20logo%20Black_6_17_9_0_16.jpg,45595,jpg,other,CATEGORY 1 — OFFICIAL / DOCUMENTARY ASSET,ar,,CBOS%20logo%20Black 6 17 9 0 16.jpg,ar_pub,Central Bank of Sudan Official Website Public Asset,PRESERVE,,PRESERVE
CBOS-AST-0194,https://cbos.gov.sd/sites/default/files/styles/publications_255_x_171/public/CBOS%20logo%20Black_6_17_9_0_6.jpg?itok=zkfgDijY,https://cbos.gov.sd/ar/periodicals-publications,CBOS%20logo%20Black_6_17_9_0_6.jpg,cbos-source-assets/original/other/other_194_CBOS%20logo%20Black_6_17_9_0_6.jpg,45595,jpg,other,CATEGORY 1 — OFFICIAL / DOCUMENTARY ASSET,ar,,CBOS%20logo%20Black 6 17 9 0 6.jpg,ar_pub,Central Bank of Sudan Official Website Public Asset,PRESERVE,,PRESERVE
CBOS-AST-0195,https://cbos.gov.sd/sites/default/files/styles/publications_255_x_171/public/CBOS%20logo%20Black_6_17_9_0_2.jpg?itok=5Sb5TOg3,https://cbos.gov.sd/ar/periodicals-publications,CBOS%20logo%20Black_6_17_9_0_2.jpg,cbos-source-assets/original/other/other_195_CBOS%20logo%20Black_6_17_9_0_2.jpg,45595,jpg,other,CATEGORY 1 — OFFICIAL / DOCUMENTARY ASSET,ar,,CBOS%20logo%20Black 6 17 9 0 2.jpg,ar_pub,Central Bank of Sudan Official Website Public Asset,PRESERVE,,PRESERVE
CBOS-AST-0196,https://cbos.gov.sd/sites/default/files/styles/publications_255_x_171/public/CBOS%20logo%20Black_6_17_10_1.jpg?itok=oyFSyF-e,https://cbos.gov.sd/ar/periodicals-publications,CBOS%20logo%20Black_6_17_10_1.jpg,cbos-source-assets/original/other/other_196_CBOS%20logo%20Black_6_17_10_1.jpg,45595,jpg,other,CATEGORY 1 — OFFICIAL / DOCUMENTARY ASSET,ar,,CBOS%20logo%20Black 6 17 10 1.jpg,ar_pub,Central Bank of Sudan Official Website Public Asset,PRESERVE,,PRESERVE
CBOS-AST-0197,https://cbos.gov.sd/sites/default/files/styles/publications_255_x_171/public/Logo_news_0_5.jpg?itok=Lr7NSTsX,https://cbos.gov.sd/ar/periodicals-publications,Logo_news_0_5.jpg,cbos-source-assets/original/other/other_197_Logo_news_0_5.jpg,47432,jpg,other,CATEGORY 1 — OFFICIAL / DOCUMENTARY ASSET,ar,,Logo news 0 5.jpg,ar_pub,Central Bank of Sudan Official Website Public Asset,PRESERVE,,PRESERVE
CBOS-AST-0198,https://cbos.gov.sd/sites/default/files/styles/publications_255_x_171/public/CBOS%20logo%20Black_6_17_3_2.jpg?itok=Dgw_Mk5V,https://cbos.gov.sd/ar/periodicals-publications,CBOS%20logo%20Black_6_17_3_2.jpg,cbos-source-assets/original/other/other_198_CBOS%20logo%20Black_6_17_3_2.jpg,45432,jpg,other,CATEGORY 1 — OFFICIAL / DOCUMENTARY ASSET,ar,,CBOS%20logo%20Black 6 17 3 2.jpg,ar_pub,Central Bank of Sudan Official Website Public Asset,PRESERVE,,PRESERVE
CBOS-AST-0199,https://cbos.gov.sd/sites/default/files/styles/publications_255_x_171/public/CBOS%20logo%20Black_6_17_9_0.jpg?itok=GEPDPn3-,https://cbos.gov.sd/ar/periodicals-publications,CBOS%20logo%20Black_6_17_9_0.jpg,cbos-source-assets/original/other/other_199_CBOS%20logo%20Black_6_17_9_0.jpg,45432,jpg,other,CATEGORY 1 — OFFICIAL / DOCUMENTARY ASSET,ar,,CBOS%20logo%20Black 6 17 9 0.jpg,ar_pub,Central Bank of Sudan Official Website Public Asset,PRESERVE,,PRESERVE
CBOS-AST-0200,https://cbos.gov.sd/sites/default/files/styles/publications_255_x_171/public/CBOS%20logo%20Black_6_17_10.jpg?itok=Ey9bCFI6,https://cbos.gov.sd/ar/periodicals-publications,CBOS%20logo%20Black_6_17_10.jpg,cbos-source-assets/original/other/other_200_CBOS%20logo%20Black_6_17_10.jpg,45432,jpg,other,CATEGORY 1 — OFFICIAL / DOCUMENTARY ASSET,ar,,CBOS%20logo%20Black 6 17 10.jpg,ar_pub,Central Bank of Sudan Official Website Public Asset,PRESERVE,,PRESERVE
CBOS-AST-0201,https://cbos.gov.sd/sites/default/files/styles/publications_255_x_171/public/CBOS%20logo%20Black_6_17_9.jpg?itok=TH-wtygm,https://cbos.gov.sd/ar/periodicals-publications,CBOS%20logo%20Black_6_17_9.jpg,cbos-source-assets/original/other/other_201_CBOS%20logo%20Black_6_17_9.jpg,45432,jpg,other,CATEGORY 1 — OFFICIAL / DOCUMENTARY ASSET,ar,,CBOS%20logo%20Black 6 17 9.jpg,ar_pub,Central Bank of Sudan Official Website Public Asset,PRESERVE,,PRESERVE
CBOS-AST-0202,https://cbos.gov.sd/sites/default/files/styles/publications_255_x_171/public/CBOS%20logo%20Black_6_17_8.jpg?itok=S5nhy8fi,https://cbos.gov.sd/ar/periodicals-publications,CBOS%20logo%20Black_6_17_8.jpg,cbos-source-assets/original/other/other_202_CBOS%20logo%20Black_6_17_8.jpg,45432,jpg,other,CATEGORY 1 — OFFICIAL / DOCUMENTARY ASSET,ar,,CBOS%20logo%20Black 6 17 8.jpg,ar_pub,Central Bank of Sudan Official Website Public Asset,PRESERVE,,PRESERVE
CBOS-AST-0203,https://cbos.gov.sd/sites/default/files/styles/publications_255_x_171/public/CBOS%20logo%20Black_6_17_7.jpg?itok=pItPMqcm,https://cbos.gov.sd/ar/periodicals-publications,CBOS%20logo%20Black_6_17_7.jpg,cbos-source-assets/original/other/other_203_CBOS%20logo%20Black_6_17_7.jpg,45432,jpg,other,CATEGORY 1 — OFFICIAL / DOCUMENTARY ASSET,ar,,CBOS%20logo%20Black 6 17 7.jpg,ar_pub,Central Bank of Sudan Official Website Public Asset,PRESERVE,,PRESERVE
CBOS-AST-0204,https://cbos.gov.sd/sites/default/files/styles/publications_255_x_171/public/CBOS%20logo%20Black_6_17_6.jpg?itok=AqONY522,https://cbos.gov.sd/ar/periodicals-publications,CBOS%20logo%20Black_6_17_6.jpg,cbos-source-assets/original/other/other_204_CBOS%20logo%20Black_6_17_6.jpg,45432,jpg,other,CATEGORY 1 — OFFICIAL / DOCUMENTARY ASSET,ar,,CBOS%20logo%20Black 6 17 6.jpg,ar_pub,Central Bank of Sudan Official Website Public Asset,PRESERVE,,PRESERVE
CBOS-AST-0205,https://cbos.gov.sd/sites/default/files/styles/publications_255_x_171/public/CBOS%20logo%20Black_6_17_5.jpg?itok=vwsvDzfb,https://cbos.gov.sd/ar/periodicals-publications,CBOS%20logo%20Black_6_17_5.jpg,cbos-source-assets/original/other/other_205_CBOS%20logo%20Black_6_17_5.jpg,45432,jpg,other,CATEGORY 1 — OFFICIAL / DOCUMENTARY ASSET,ar,,CBOS%20logo%20Black 6 17 5.jpg,ar_pub,Central Bank of Sudan Official Website Public Asset,PRESERVE,,PRESERVE
CBOS-AST-0206,https://cbos.gov.sd/sites/default/files/styles/publications_255_x_171/public/CBOS%20logo%20Black_6_17_4.jpg?itok=MuTzGX8i,https://cbos.gov.sd/ar/periodicals-publications,CBOS%20logo%20Black_6_17_4.jpg,cbos-source-assets/original/other/other_206_CBOS%20logo%20Black_6_17_4.jpg,45432,jpg,other,CATEGORY 1 — OFFICIAL / DOCUMENTARY ASSET,ar,,CBOS%20logo%20Black 6 17 4.jpg,ar_pub,Central Bank of Sudan Official Website Public Asset,PRESERVE,,PRESERVE
CBOS-AST-0207,https://cbos.gov.sd/sites/default/files/styles/publications_255_x_171/public/CBOS%20logo%20Black_6_17_3.jpg?itok=yWmyGKH5,https://cbos.gov.sd/ar/periodicals-publications,CBOS%20logo%20Black_6_17_3.jpg,cbos-source-assets/original/other/other_207_CBOS%20logo%20Black_6_17_3.jpg,45432,jpg,other,CATEGORY 1 — OFFICIAL / DOCUMENTARY ASSET,ar,,CBOS%20logo%20Black 6 17 3.jpg,ar_pub,Central Bank of Sudan Official Website Public Asset,PRESERVE,,PRESERVE
CBOS-AST-0208,https://cbos.gov.sd/sites/default/files/styles/publications_255_x_171/public/CBOS%20logo%20Black_6_17_2.jpg?itok=OXTLFiOr,https://cbos.gov.sd/ar/periodicals-publications,CBOS%20logo%20Black_6_17_2.jpg,cbos-source-assets/original/other/other_208_CBOS%20logo%20Black_6_17_2.jpg,45432,jpg,other,CATEGORY 1 — OFFICIAL / DOCUMENTARY ASSET,ar,,CBOS%20logo%20Black 6 17 2.jpg,ar_pub,Central Bank of Sudan Official Website Public Asset,PRESERVE,,PRESERVE
CBOS-AST-0209,https://cbos.gov.sd/sites/default/files/styles/publications_255_x_171/public/CBOS%20logo%20Black_6_17_0.jpg?itok=Y6C8PPsY,https://cbos.gov.sd/ar/periodicals-publications,CBOS%20logo%20Black_6_17_0.jpg,cbos-source-assets/original/other/other_209_CBOS%20logo%20Black_6_17_0.jpg,45432,jpg,other,CATEGORY 1 — OFFICIAL / DOCUMENTARY ASSET,ar,,CBOS%20logo%20Black 6 17 0.jpg,ar_pub,Central Bank of Sudan Official Website Public Asset,PRESERVE,,PRESERVE
CBOS-AST-0210,https://cbos.gov.sd/sites/default/files/styles/publications_255_x_171/public/CBOS%20logo%20Black_6_256_71.jpg?itok=mIYeJ4ug,https://cbos.gov.sd/ar/periodicals-publications,CBOS%20logo%20Black_6_256_71.jpg,cbos-source-assets/original/other/other_210_CBOS%20logo%20Black_6_256_71.jpg,45432,jpg,other,CATEGORY 1 — OFFICIAL / DOCUMENTARY ASSET,ar,,CBOS%20logo%20Black 6 256 71.jpg,ar_pub,Central Bank of Sudan Official Website Public Asset,PRESERVE,,PRESERVE
CBOS-AST-0211,https://cbos.gov.sd/sites/default/files/styles/publications_255_x_171/public/CBOS%20logo%20Black_6_256_70.jpg?itok=wQUL92Zd,https://cbos.gov.sd/ar/periodicals-publications,CBOS%20logo%20Black_6_256_70.jpg,cbos-source-assets/original/other/other_211_CBOS%20logo%20Black_6_256_70.jpg,45432,jpg,other,CATEGORY 1 — OFFICIAL / DOCUMENTARY ASSET,ar,,CBOS%20logo%20Black 6 256 70.jpg,ar_pub,Central Bank of Sudan Official Website Public Asset,PRESERVE,,PRESERVE
CBOS-AST-0212,https://cbos.gov.sd/sites/default/files/styles/publications_255_x_171/public/CBOS%20logo%20Black_6_256_69.jpg?itok=eyCR_LVx,https://cbos.gov.sd/ar/periodicals-publications,CBOS%20logo%20Black_6_256_69.jpg,cbos-source-assets/original/other/other_212_CBOS%20logo%20Black_6_256_69.jpg,45432,jpg,other,CATEGORY 1 — OFFICIAL / DOCUMENTARY ASSET,ar,,CBOS%20logo%20Black 6 256 69.jpg,ar_pub,Central Bank of Sudan Official Website Public Asset,PRESERVE,,PRESERVE
CBOS-AST-0213,https://cbos.gov.sd/sites/default/files/styles/publications_255_x_171/public/CBOS%20logo%20Black_6_256_54.jpg?itok=-jDy-H3y,https://cbos.gov.sd/ar/periodicals-publications,CBOS%20logo%20Black_6_256_54.jpg,cbos-source-assets/original/other/other_213_CBOS%20logo%20Black_6_256_54.jpg,45432,jpg,other,CATEGORY 1 — OFFICIAL / DOCUMENTARY ASSET,ar,,CBOS%20logo%20Black 6 256 54.jpg,ar_pub,Central Bank of Sudan Official Website Public Asset,PRESERVE,,PRESERVE
CBOS-AST-0214,https://cbos.gov.sd/sites/default/files/styles/publications_255_x_171/public/CBOS%20logo%20Black_6_256_53.jpg?itok=6FZDnhoX,https://cbos.gov.sd/ar/periodicals-publications,CBOS%20logo%20Black_6_256_53.jpg,cbos-source-assets/original/other/other_214_CBOS%20logo%20Black_6_256_53.jpg,45432,jpg,other,CATEGORY 1 — OFFICIAL / DOCUMENTARY ASSET,ar,,CBOS%20logo%20Black 6 256 53.jpg,ar_pub,Central Bank of Sudan Official Website Public Asset,PRESERVE,,PRESERVE
CBOS-AST-0215,https://cbos.gov.sd/sites/default/files/styles/publications_255_x_171/public/CBOS%20logo%20Black_6_256_52.jpg?itok=Fkouu-ac,https://cbos.gov.sd/ar/periodicals-publications,CBOS%20logo%20Black_6_256_52.jpg,cbos-source-assets/original/other/other_215_CBOS%20logo%20Black_6_256_52.jpg,45432,jpg,other,CATEGORY 1 — OFFICIAL / DOCUMENTARY ASSET,ar,,CBOS%20logo%20Black 6 256 52.jpg,ar_pub,Central Bank of Sudan Official Website Public Asset,PRESERVE,,PRESERVE
CBOS-AST-0216,https://cbos.gov.sd/sites/default/files/styles/publications_255_x_171/public/CBOS%20logo%20Black_6_256_47.jpg?itok=lvch2yu8,https://cbos.gov.sd/ar/periodicals-publications,CBOS%20logo%20Black_6_256_47.jpg,cbos-source-assets/original/other/other_216_CBOS%20logo%20Black_6_256_47.jpg,45432,jpg,other,CATEGORY 1 — OFFICIAL / DOCUMENTARY ASSET,ar,,CBOS%20logo%20Black 6 256 47.jpg,ar_pub,Central Bank of Sudan Official Website Public Asset,PRESERVE,,PRESERVE
CBOS-AST-0217,https://cbos.gov.sd/sites/default/files/styles/publications_255_x_171/public/CBOS%20logo%20Black_6_256_46.jpg?itok=Byq9KaME,https://cbos.gov.sd/ar/periodicals-publications,CBOS%20logo%20Black_6_256_46.jpg,cbos-source-assets/original/other/other_217_CBOS%20logo%20Black_6_256_46.jpg,45432,jpg,other,CATEGORY 1 — OFFICIAL / DOCUMENTARY ASSET,ar,,CBOS%20logo%20Black 6 256 46.jpg,ar_pub,Central Bank of Sudan Official Website Public Asset,PRESERVE,,PRESERVE
CBOS-AST-0218,https://cbos.gov.sd/sites/default/files/styles/publications_255_x_171/public/CBOS%20logo%20Black_6_256_45.jpg?itok=VhHIpBsl,https://cbos.gov.sd/ar/periodicals-publications,CBOS%20logo%20Black_6_256_45.jpg,cbos-source-assets/original/other/other_218_CBOS%20logo%20Black_6_256_45.jpg,45432,jpg,other,CATEGORY 1 — OFFICIAL / DOCUMENTARY ASSET,ar,,CBOS%20logo%20Black 6 256 45.jpg,ar_pub,Central Bank of Sudan Official Website Public Asset,PRESERVE,,PRESERVE
CBOS-AST-0219,https://cbos.gov.sd/sites/default/files/styles/publications_255_x_171/public/CBOS%20logo%20Black_6_256_44.jpg?itok=0OvYM6ov,https://cbos.gov.sd/ar/periodicals-publications,CBOS%20logo%20Black_6_256_44.jpg,cbos-source-assets/original/other/other_219_CBOS%20logo%20Black_6_256_44.jpg,45432,jpg,other,CATEGORY 1 — OFFICIAL / DOCUMENTARY ASSET,ar,,CBOS%20logo%20Black 6 256 44.jpg,ar_pub,Central Bank of Sudan Official Website Public Asset,PRESERVE,,PRESERVE
CBOS-AST-0220,https://cbos.gov.sd/sites/default/files/styles/publications_255_x_171/public/CBOS%20logo%20Black_6_256_30.jpg?itok=zyV645j4,https://cbos.gov.sd/ar/periodicals-publications,CBOS%20logo%20Black_6_256_30.jpg,cbos-source-assets/original/other/other_220_CBOS%20logo%20Black_6_256_30.jpg,45432,jpg,other,CATEGORY 1 — OFFICIAL / DOCUMENTARY ASSET,ar,,CBOS%20logo%20Black 6 256 30.jpg,ar_pub,Central Bank of Sudan Official Website Public Asset,PRESERVE,,PRESERVE
CBOS-AST-0221,https://cbos.gov.sd/sites/default/files/styles/publications_255_x_171/public/CBOS%20logo%20Black_6_256_29.jpg?itok=Ul3xeuah,https://cbos.gov.sd/ar/periodicals-publications,CBOS%20logo%20Black_6_256_29.jpg,cbos-source-assets/original/other/other_221_CBOS%20logo%20Black_6_256_29.jpg,45432,jpg,other,CATEGORY 1 — OFFICIAL / DOCUMENTARY ASSET,ar,,CBOS%20logo%20Black 6 256 29.jpg,ar_pub,Central Bank of Sudan Official Website Public Asset,PRESERVE,,PRESERVE
CBOS-AST-0222,https://cbos.gov.sd/sites/default/files/styles/publications_255_x_171/public/CBOS%20logo%20Black_6_254.jpg?itok=-pf7DSl0,https://cbos.gov.sd/ar/periodicals-publications,CBOS%20logo%20Black_6_254.jpg,cbos-source-assets/original/other/other_222_CBOS%20logo%20Black_6_254.jpg,45432,jpg,other,CATEGORY 1 — OFFICIAL / DOCUMENTARY ASSET,ar,,CBOS%20logo%20Black 6 254.jpg,ar_pub,Central Bank of Sudan Official Website Public Asset,PRESERVE,,PRESERVE
CBOS-AST-0223,https://cbos.gov.sd/sites/default/files/styles/publications_255_x_171/public/CBOS%20logo%20Black_6_256.jpg?itok=E9GRcuaZ,https://cbos.gov.sd/ar/periodicals-publications,CBOS%20logo%20Black_6_256.jpg,cbos-source-assets/original/other/other_223_CBOS%20logo%20Black_6_256.jpg,45432,jpg,other,CATEGORY 1 — OFFICIAL / DOCUMENTARY ASSET,ar,,CBOS%20logo%20Black 6 256.jpg,ar_pub,Central Bank of Sudan Official Website Public Asset,PRESERVE,,PRESERVE
CBOS-AST-0224,https://cbos.gov.sd/sites/default/files/styles/publications_255_x_171/public/CBOS%20logo%20Black_6_253.jpg?itok=KlfFHV-K,https://cbos.gov.sd/ar/periodicals-publications,CBOS%20logo%20Black_6_253.jpg,cbos-source-assets/original/other/other_224_CBOS%20logo%20Black_6_253.jpg,45432,jpg,other,CATEGORY 1 — OFFICIAL / DOCUMENTARY ASSET,ar,,CBOS%20logo%20Black 6 253.jpg,ar_pub,Central Bank of Sudan Official Website Public Asset,PRESERVE,,PRESERVE
CBOS-AST-0225,https://cbos.gov.sd/sites/default/files/styles/publications_255_x_171/public/CBOS%20logo%20Black_6_252.jpg?itok=RKLJopbz,https://cbos.gov.sd/ar/periodicals-publications,CBOS%20logo%20Black_6_252.jpg,cbos-source-assets/original/other/other_225_CBOS%20logo%20Black_6_252.jpg,45432,jpg,other,CATEGORY 1 — OFFICIAL / DOCUMENTARY ASSET,ar,,CBOS%20logo%20Black 6 252.jpg,ar_pub,Central Bank of Sudan Official Website Public Asset,PRESERVE,,PRESERVE
CBOS-AST-0226,https://cbos.gov.sd/sites/default/files/styles/publications_255_x_171/public/CBOS%20logo%20Black_6_251.jpg?itok=FuAe9_SP,https://cbos.gov.sd/ar/periodicals-publications,CBOS%20logo%20Black_6_251.jpg,cbos-source-assets/original/other/other_226_CBOS%20logo%20Black_6_251.jpg,45432,jpg,other,CATEGORY 1 — OFFICIAL / DOCUMENTARY ASSET,ar,,CBOS%20logo%20Black 6 251.jpg,ar_pub,Central Bank of Sudan Official Website Public Asset,PRESERVE,,PRESERVE
CBOS-AST-0227,https://cbos.gov.sd/sites/default/files/styles/publications_255_x_171/public/CBOS%20logo%20Black_6_249.jpg?itok=-kUxfZFS,https://cbos.gov.sd/ar/periodicals-publications,CBOS%20logo%20Black_6_249.jpg,cbos-source-assets/original/other/other_227_CBOS%20logo%20Black_6_249.jpg,45432,jpg,other,CATEGORY 1 — OFFICIAL / DOCUMENTARY ASSET,ar,,CBOS%20logo%20Black 6 249.jpg,ar_pub,Central Bank of Sudan Official Website Public Asset,PRESERVE,,PRESERVE
CBOS-AST-0228,https://cbos.gov.sd/sites/default/files/styles/publications_255_x_171/public/CBOS%20logo%20Black_6_250.jpg?itok=vmhhbr6p,https://cbos.gov.sd/ar/periodicals-publications,CBOS%20logo%20Black_6_250.jpg,cbos-source-assets/original/other/other_228_CBOS%20logo%20Black_6_250.jpg,45432,jpg,other,CATEGORY 1 — OFFICIAL / DOCUMENTARY ASSET,ar,,CBOS%20logo%20Black 6 250.jpg,ar_pub,Central Bank of Sudan Official Website Public Asset,PRESERVE,,PRESERVE
CBOS-AST-0229,https://cbos.gov.sd/sites/default/files/styles/publications_255_x_171/public/CBOS%20logo%20Black_6_248.jpg?itok=ACjTMqsa,https://cbos.gov.sd/ar/periodicals-publications,CBOS%20logo%20Black_6_248.jpg,cbos-source-assets/original/other/other_229_CBOS%20logo%20Black_6_248.jpg,45432,jpg,other,CATEGORY 1 — OFFICIAL / DOCUMENTARY ASSET,ar,,CBOS%20logo%20Black 6 248.jpg,ar_pub,Central Bank of Sudan Official Website Public Asset,PRESERVE,,PRESERVE
CBOS-AST-0230,https://cbos.gov.sd/sites/default/files/styles/publications_255_x_171/public/CBOS%20logo%20Black_6_247.jpg?itok=O7fbBFZ6,https://cbos.gov.sd/ar/periodicals-publications,CBOS%20logo%20Black_6_247.jpg,cbos-source-assets/original/other/other_230_CBOS%20logo%20Black_6_247.jpg,45432,jpg,other,CATEGORY 1 — OFFICIAL / DOCUMENTARY ASSET,ar,,CBOS%20logo%20Black 6 247.jpg,ar_pub,Central Bank of Sudan Official Website Public Asset,PRESERVE,,PRESERVE
CBOS-AST-0231,https://cbos.gov.sd/sites/default/files/styles/publications_255_x_171/public/CBOS%20logo%20Black_6_245.jpg?itok=ON5ozbO_,https://cbos.gov.sd/ar/periodicals-publications,CBOS%20logo%20Black_6_245.jpg,cbos-source-assets/original/other/other_231_CBOS%20logo%20Black_6_245.jpg,45432,jpg,other,CATEGORY 1 — OFFICIAL / DOCUMENTARY ASSET,ar,,CBOS%20logo%20Black 6 245.jpg,ar_pub,Central Bank of Sudan Official Website Public Asset,PRESERVE,,PRESERVE
CBOS-AST-0232,https://cbos.gov.sd/sites/default/files/styles/publications_255_x_171/public/CBOS%20logo%20Black_6_244.jpg?itok=Uhg_BPvF,https://cbos.gov.sd/ar/periodicals-publications,CBOS%20logo%20Black_6_244.jpg,cbos-source-assets/original/other/other_232_CBOS%20logo%20Black_6_244.jpg,45432,jpg,other,CATEGORY 1 — OFFICIAL / DOCUMENTARY ASSET,ar,,CBOS%20logo%20Black 6 244.jpg,ar_pub,Central Bank of Sudan Official Website Public Asset,PRESERVE,,PRESERVE
CBOS-AST-0233,https://cbos.gov.sd/sites/default/files/styles/publications_255_x_171/public/CBOS%20logo%20Black_6_243.jpg?itok=oP5294SK,https://cbos.gov.sd/ar/periodicals-publications,CBOS%20logo%20Black_6_243.jpg,cbos-source-assets/original/other/other_233_CBOS%20logo%20Black_6_243.jpg,45432,jpg,other,CATEGORY 1 — OFFICIAL / DOCUMENTARY ASSET,ar,,CBOS%20logo%20Black 6 243.jpg,ar_pub,Central Bank of Sudan Official Website Public Asset,PRESERVE,,PRESERVE
CBOS-AST-0234,https://cbos.gov.sd/sites/default/files/styles/publications_255_x_171/public/CBOS%20logo%20Black_6_242.jpg?itok=VHCCHfUt,https://cbos.gov.sd/ar/periodicals-publications,CBOS%20logo%20Black_6_242.jpg,cbos-source-assets/original/other/other_234_CBOS%20logo%20Black_6_242.jpg,45432,jpg,other,CATEGORY 1 — OFFICIAL / DOCUMENTARY ASSET,ar,,CBOS%20logo%20Black 6 242.jpg,ar_pub,Central Bank of Sudan Official Website Public Asset,PRESERVE,,PRESERVE
CBOS-AST-0235,https://cbos.gov.sd/sites/default/files/styles/publications_255_x_171/public/CBOS%20logo%20Black_6_241.jpg?itok=cHr9VyN8,https://cbos.gov.sd/ar/periodicals-publications,CBOS%20logo%20Black_6_241.jpg,cbos-source-assets/original/other/other_235_CBOS%20logo%20Black_6_241.jpg,45432,jpg,other,CATEGORY 1 — OFFICIAL / DOCUMENTARY ASSET,ar,,CBOS%20logo%20Black 6 241.jpg,ar_pub,Central Bank of Sudan Official Website Public Asset,PRESERVE,,PRESERVE
CBOS-AST-0236,https://cbos.gov.sd/sites/default/files/styles/publications_255_x_171/public/CBOS%20logo%20Black_6_240.jpg?itok=W5L6Yjav,https://cbos.gov.sd/ar/periodicals-publications,CBOS%20logo%20Black_6_240.jpg,cbos-source-assets/original/other/other_236_CBOS%20logo%20Black_6_240.jpg,45432,jpg,other,CATEGORY 1 — OFFICIAL / DOCUMENTARY ASSET,ar,,CBOS%20logo%20Black 6 240.jpg,ar_pub,Central Bank of Sudan Official Website Public Asset,PRESERVE,,PRESERVE
CBOS-AST-0237,https://cbos.gov.sd/sites/default/files/styles/publications_255_x_171/public/CBOS%20logo%20Black_6_239.jpg?itok=O3VO8t5N,https://cbos.gov.sd/ar/periodicals-publications,CBOS%20logo%20Black_6_239.jpg,cbos-source-assets/original/other/other_237_CBOS%20logo%20Black_6_239.jpg,45432,jpg,other,CATEGORY 1 — OFFICIAL / DOCUMENTARY ASSET,ar,,CBOS%20logo%20Black 6 239.jpg,ar_pub,Central Bank of Sudan Official Website Public Asset,PRESERVE,,PRESERVE
CBOS-AST-0238,https://cbos.gov.sd/sites/default/files/styles/publications_255_x_171/public/CBOS%20logo%20Black_6_238.jpg?itok=Z5gZ1oha,https://cbos.gov.sd/ar/periodicals-publications,CBOS%20logo%20Black_6_238.jpg,cbos-source-assets/original/other/other_238_CBOS%20logo%20Black_6_238.jpg,45432,jpg,other,CATEGORY 1 — OFFICIAL / DOCUMENTARY ASSET,ar,,CBOS%20logo%20Black 6 238.jpg,ar_pub,Central Bank of Sudan Official Website Public Asset,PRESERVE,,PRESERVE
CBOS-AST-0239,https://cbos.gov.sd/sites/default/files/styles/publications_255_x_171/public/CBOS%20logo%20Black_6_203.jpg?itok=BxITdlJw,https://cbos.gov.sd/ar/periodicals-publications,CBOS%20logo%20Black_6_203.jpg,cbos-source-assets/original/other/other_239_CBOS%20logo%20Black_6_203.jpg,45432,jpg,other,CATEGORY 1 — OFFICIAL / DOCUMENTARY ASSET,ar,,CBOS%20logo%20Black 6 203.jpg,ar_pub,Central Bank of Sudan Official Website Public Asset,PRESERVE,,PRESERVE
CBOS-AST-0240,https://cbos.gov.sd/sites/default/files/styles/publications_255_x_171/public/CBOS%20logo%20Black_6_174.jpg?itok=wGtTNG4d,https://cbos.gov.sd/ar/periodicals-publications,CBOS%20logo%20Black_6_174.jpg,cbos-source-assets/original/other/other_240_CBOS%20logo%20Black_6_174.jpg,45432,jpg,other,CATEGORY 1 — OFFICIAL / DOCUMENTARY ASSET,ar,,CBOS%20logo%20Black 6 174.jpg,ar_pub,Central Bank of Sudan Official Website Public Asset,PRESERVE,,PRESERVE
CBOS-AST-0241,https://cbos.gov.sd/sites/default/files/styles/publications_255_x_171/public/CBOS%20logo%20Black_6_136.jpg?itok=8Yvvxhu7,https://cbos.gov.sd/ar/periodicals-publications,CBOS%20logo%20Black_6_136.jpg,cbos-source-assets/original/other/other_241_CBOS%20logo%20Black_6_136.jpg,45432,jpg,other,CATEGORY 1 — OFFICIAL / DOCUMENTARY ASSET,ar,,CBOS%20logo%20Black 6 136.jpg,ar_pub,Central Bank of Sudan Official Website Public Asset,PRESERVE,,PRESERVE
CBOS-AST-0242,https://cbos.gov.sd/sites/default/files/styles/publications_255_x_171/public/CBOS%20logo%20Black_6_133.jpg?itok=ZwSxr5lQ,https://cbos.gov.sd/ar/periodicals-publications,CBOS%20logo%20Black_6_133.jpg,cbos-source-assets/original/other/other_242_CBOS%20logo%20Black_6_133.jpg,45432,jpg,other,CATEGORY 1 — OFFICIAL / DOCUMENTARY ASSET,ar,,CBOS%20logo%20Black 6 133.jpg,ar_pub,Central Bank of Sudan Official Website Public Asset,PRESERVE,,PRESERVE
CBOS-AST-0243,https://cbos.gov.sd/sites/default/files/styles/publications_255_x_171/public/CBOS%20logo%20Black_6_132.jpg?itok=1F0kBsbB,https://cbos.gov.sd/ar/periodicals-publications,CBOS%20logo%20Black_6_132.jpg,cbos-source-assets/original/other/other_243_CBOS%20logo%20Black_6_132.jpg,45432,jpg,other,CATEGORY 1 — OFFICIAL / DOCUMENTARY ASSET,ar,,CBOS%20logo%20Black 6 132.jpg,ar_pub,Central Bank of Sudan Official Website Public Asset,PRESERVE,,PRESERVE
CBOS-AST-0244,https://cbos.gov.sd/sites/default/files/styles/publications_255_x_171/public/CBOS%20logo%20Black_6_131.jpg?itok=7HbEmgr0,https://cbos.gov.sd/ar/periodicals-publications,CBOS%20logo%20Black_6_131.jpg,cbos-source-assets/original/other/other_244_CBOS%20logo%20Black_6_131.jpg,45432,jpg,other,CATEGORY 1 — OFFICIAL / DOCUMENTARY ASSET,ar,,CBOS%20logo%20Black 6 131.jpg,ar_pub,Central Bank of Sudan Official Website Public Asset,PRESERVE,,PRESERVE
CBOS-AST-0245,https://cbos.gov.sd/sites/default/files/styles/publications_255_x_171/public/CBOS%20logo%20Black_6_130.jpg?itok=4me7M9FX,https://cbos.gov.sd/ar/periodicals-publications,CBOS%20logo%20Black_6_130.jpg,cbos-source-assets/original/other/other_245_CBOS%20logo%20Black_6_130.jpg,45432,jpg,other,CATEGORY 1 — OFFICIAL / DOCUMENTARY ASSET,ar,,CBOS%20logo%20Black 6 130.jpg,ar_pub,Central Bank of Sudan Official Website Public Asset,PRESERVE,,PRESERVE
CBOS-AST-0246,https://cbos.gov.sd/sites/default/files/styles/publications_255_x_171/public/CBOS%20logo%20Black_6_124.jpg?itok=9lz-wLvB,https://cbos.gov.sd/ar/periodicals-publications,CBOS%20logo%20Black_6_124.jpg,cbos-source-assets/original/other/other_246_CBOS%20logo%20Black_6_124.jpg,45432,jpg,other,CATEGORY 1 — OFFICIAL / DOCUMENTARY ASSET,ar,,CBOS%20logo%20Black 6 124.jpg,ar_pub,Central Bank of Sudan Official Website Public Asset,PRESERVE,,PRESERVE
CBOS-AST-0247,https://cbos.gov.sd/sites/default/files/styles/publications_255_x_171/public/CBOS%20logo%20Black_6_123.jpg?itok=JbLFGkdY,https://cbos.gov.sd/ar/periodicals-publications,CBOS%20logo%20Black_6_123.jpg,cbos-source-assets/original/other/other_247_CBOS%20logo%20Black_6_123.jpg,45432,jpg,other,CATEGORY 1 — OFFICIAL / DOCUMENTARY ASSET,ar,,CBOS%20logo%20Black 6 123.jpg,ar_pub,Central Bank of Sudan Official Website Public Asset,PRESERVE,,PRESERVE
CBOS-AST-0248,https://cbos.gov.sd/sites/default/files/styles/publications_255_x_171/public/CBOS%20logo%20Black_6_118.jpg?itok=xhfhffgR,https://cbos.gov.sd/ar/periodicals-publications,CBOS%20logo%20Black_6_118.jpg,cbos-source-assets/original/other/other_248_CBOS%20logo%20Black_6_118.jpg,45432,jpg,other,CATEGORY 1 — OFFICIAL / DOCUMENTARY ASSET,ar,,CBOS%20logo%20Black 6 118.jpg,ar_pub,Central Bank of Sudan Official Website Public Asset,PRESERVE,,PRESERVE
CBOS-AST-0249,https://cbos.gov.sd/sites/default/files/styles/publications_255_x_171/public/CBOS%20logo%20Black_6_237.jpg?itok=3PpJRxDL,https://cbos.gov.sd/ar/periodicals-publications,CBOS%20logo%20Black_6_237.jpg,cbos-source-assets/original/other/other_249_CBOS%20logo%20Black_6_237.jpg,45432,jpg,other,CATEGORY 1 — OFFICIAL / DOCUMENTARY ASSET,ar,,CBOS%20logo%20Black 6 237.jpg,ar_pub,Central Bank of Sudan Official Website Public Asset,PRESERVE,,PRESERVE
CBOS-AST-0250,https://cbos.gov.sd/sites/default/files/styles/publications_255_x_171/public/CBOS%20logo%20Black_6_236.jpg?itok=qCySYcim,https://cbos.gov.sd/ar/periodicals-publications,CBOS%20logo%20Black_6_236.jpg,cbos-source-assets/original/other/other_250_CBOS%20logo%20Black_6_236.jpg,45432,jpg,other,CATEGORY 1 — OFFICIAL / DOCUMENTARY ASSET,ar,,CBOS%20logo%20Black 6 236.jpg,ar_pub,Central Bank of Sudan Official Website Public Asset,PRESERVE,,PRESERVE
CBOS-AST-0251,https://cbos.gov.sd/sites/default/files/styles/publications_255_x_171/public/CBOS%20logo%20Black_6_235.jpg?itok=SI7HEvEj,https://cbos.gov.sd/ar/periodicals-publications,CBOS%20logo%20Black_6_235.jpg,cbos-source-assets/original/other/other_251_CBOS%20logo%20Black_6_235.jpg,45432,jpg,other,CATEGORY 1 — OFFICIAL / DOCUMENTARY ASSET,ar,,CBOS%20logo%20Black 6 235.jpg,ar_pub,Central Bank of Sudan Official Website Public Asset,PRESERVE,,PRESERVE
CBOS-AST-0252,https://cbos.gov.sd/sites/default/files/styles/publications_255_x_171/public/CBOS%20logo%20Black_6_234.jpg?itok=DDuwecZM,https://cbos.gov.sd/ar/periodicals-publications,CBOS%20logo%20Black_6_234.jpg,cbos-source-assets/original/other/other_252_CBOS%20logo%20Black_6_234.jpg,45432,jpg,other,CATEGORY 1 — OFFICIAL / DOCUMENTARY ASSET,ar,,CBOS%20logo%20Black 6 234.jpg,ar_pub,Central Bank of Sudan Official Website Public Asset,PRESERVE,,PRESERVE
CBOS-AST-0253,https://cbos.gov.sd/sites/default/files/styles/publications_255_x_171/public/CBOS%20logo%20Black_6_230.jpg?itok=Ya6KMtIf,https://cbos.gov.sd/ar/periodicals-publications,CBOS%20logo%20Black_6_230.jpg,cbos-source-assets/original/other/other_253_CBOS%20logo%20Black_6_230.jpg,45432,jpg,other,CATEGORY 1 — OFFICIAL / DOCUMENTARY ASSET,ar,,CBOS%20logo%20Black 6 230.jpg,ar_pub,Central Bank of Sudan Official Website Public Asset,PRESERVE,,PRESERVE
CBOS-AST-0254,https://cbos.gov.sd/sites/default/files/styles/publications_255_x_171/public/CBOS%20logo%20Black_6_229.jpg?itok=Z80MHPm4,https://cbos.gov.sd/ar/periodicals-publications,CBOS%20logo%20Black_6_229.jpg,cbos-source-assets/original/other/other_254_CBOS%20logo%20Black_6_229.jpg,45432,jpg,other,CATEGORY 1 — OFFICIAL / DOCUMENTARY ASSET,ar,,CBOS%20logo%20Black 6 229.jpg,ar_pub,Central Bank of Sudan Official Website Public Asset,PRESERVE,,PRESERVE
CBOS-AST-0255,https://cbos.gov.sd/sites/default/files/styles/publications_255_x_171/public/CBOS%20logo%20Black_6_233.jpg?itok=PBQPOY_2,https://cbos.gov.sd/ar/periodicals-publications,CBOS%20logo%20Black_6_233.jpg,cbos-source-assets/original/other/other_255_CBOS%20logo%20Black_6_233.jpg,45432,jpg,other,CATEGORY 1 — OFFICIAL / DOCUMENTARY ASSET,ar,,CBOS%20logo%20Black 6 233.jpg,ar_pub,Central Bank of Sudan Official Website Public Asset,PRESERVE,,PRESERVE
CBOS-AST-0256,https://cbos.gov.sd/sites/default/files/styles/publications_255_x_171/public/CBOS%20logo%20Black_6_232.jpg?itok=1AiJGwln,https://cbos.gov.sd/ar/periodicals-publications,CBOS%20logo%20Black_6_232.jpg,cbos-source-assets/original/other/other_256_CBOS%20logo%20Black_6_232.jpg,45432,jpg,other,CATEGORY 1 — OFFICIAL / DOCUMENTARY ASSET,ar,,CBOS%20logo%20Black 6 232.jpg,ar_pub,Central Bank of Sudan Official Website Public Asset,PRESERVE,,PRESERVE
CBOS-AST-0257,https://cbos.gov.sd/sites/default/files/styles/publications_255_x_171/public/CBOS%20logo%20Black_6_231.jpg?itok=IB0Sf8S_,https://cbos.gov.sd/ar/periodicals-publications,CBOS%20logo%20Black_6_231.jpg,cbos-source-assets/original/other/other_257_CBOS%20logo%20Black_6_231.jpg,45432,jpg,other,CATEGORY 1 — OFFICIAL / DOCUMENTARY ASSET,ar,,CBOS%20logo%20Black 6 231.jpg,ar_pub,Central Bank of Sudan Official Website Public Asset,PRESERVE,,PRESERVE
CBOS-AST-0258,https://cbos.gov.sd/sites/default/files/styles/publications_255_x_171/public/CBOS%20logo%20Black_6_256_26.jpg?itok=ld5imAhI,https://cbos.gov.sd/ar/periodicals-publications,CBOS%20logo%20Black_6_256_26.jpg,cbos-source-assets/original/other/other_258_CBOS%20logo%20Black_6_256_26.jpg,45432,jpg,other,CATEGORY 1 — OFFICIAL / DOCUMENTARY ASSET,ar,,CBOS%20logo%20Black 6 256 26.jpg,ar_pub,Central Bank of Sudan Official Website Public Asset,PRESERVE,,PRESERVE
CBOS-AST-0259,https://cbos.gov.sd/sites/default/files/styles/publications_255_x_171/public/CBOS%20logo%20Black_6_256_19.jpg?itok=dLKAUTTe,https://cbos.gov.sd/ar/periodicals-publications,CBOS%20logo%20Black_6_256_19.jpg,cbos-source-assets/original/other/other_259_CBOS%20logo%20Black_6_256_19.jpg,45432,jpg,other,CATEGORY 1 — OFFICIAL / DOCUMENTARY ASSET,ar,,CBOS%20logo%20Black 6 256 19.jpg,ar_pub,Central Bank of Sudan Official Website Public Asset,PRESERVE,,PRESERVE
CBOS-AST-0260,https://cbos.gov.sd/sites/default/files/styles/publications_255_x_171/public/CBOS%20logo%20Black_6_256_27.jpg?itok=do_m5AfE,https://cbos.gov.sd/ar/periodicals-publications,CBOS%20logo%20Black_6_256_27.jpg,cbos-source-assets/original/other/other_260_CBOS%20logo%20Black_6_256_27.jpg,45432,jpg,other,CATEGORY 1 — OFFICIAL / DOCUMENTARY ASSET,ar,,CBOS%20logo%20Black 6 256 27.jpg,ar_pub,Central Bank of Sudan Official Website Public Asset,PRESERVE,,PRESERVE
CBOS-AST-0261,https://cbos.gov.sd/sites/default/files/styles/publications_255_x_171/public/CBOS%20logo%20Black_6_256_24.jpg?itok=NrCzWTpM,https://cbos.gov.sd/ar/periodicals-publications,CBOS%20logo%20Black_6_256_24.jpg,cbos-source-assets/original/other/other_261_CBOS%20logo%20Black_6_256_24.jpg,45432,jpg,other,CATEGORY 1 — OFFICIAL / DOCUMENTARY ASSET,ar,,CBOS%20logo%20Black 6 256 24.jpg,ar_pub,Central Bank of Sudan Official Website Public Asset,PRESERVE,,PRESERVE
CBOS-AST-0262,https://cbos.gov.sd/sites/default/files/styles/publications_255_x_171/public/CBOS%20logo%20Black_6_256_23.jpg?itok=jVjYcIvg,https://cbos.gov.sd/ar/periodicals-publications,CBOS%20logo%20Black_6_256_23.jpg,cbos-source-assets/original/other/other_262_CBOS%20logo%20Black_6_256_23.jpg,45432,jpg,other,CATEGORY 1 — OFFICIAL / DOCUMENTARY ASSET,ar,,CBOS%20logo%20Black 6 256 23.jpg,ar_pub,Central Bank of Sudan Official Website Public Asset,PRESERVE,,PRESERVE
CBOS-AST-0263,https://cbos.gov.sd/sites/default/files/styles/publications_255_x_171/public/CBOS%20logo%20Black_6_256_22.jpg?itok=BKY-GN3c,https://cbos.gov.sd/ar/periodicals-publications,CBOS%20logo%20Black_6_256_22.jpg,cbos-source-assets/original/other/other_263_CBOS%20logo%20Black_6_256_22.jpg,45432,jpg,other,CATEGORY 1 — OFFICIAL / DOCUMENTARY ASSET,ar,,CBOS%20logo%20Black 6 256 22.jpg,ar_pub,Central Bank of Sudan Official Website Public Asset,PRESERVE,,PRESERVE
CBOS-AST-0264,https://cbos.gov.sd/sites/default/files/styles/publications_255_x_171/public/CBOS%20logo%20Black_6_256_21.jpg?itok=V0axobnF,https://cbos.gov.sd/ar/periodicals-publications,CBOS%20logo%20Black_6_256_21.jpg,cbos-source-assets/original/other/other_264_CBOS%20logo%20Black_6_256_21.jpg,45432,jpg,other,CATEGORY 1 — OFFICIAL / DOCUMENTARY ASSET,ar,,CBOS%20logo%20Black 6 256 21.jpg,ar_pub,Central Bank of Sudan Official Website Public Asset,PRESERVE,,PRESERVE
CBOS-AST-0265,https://cbos.gov.sd/sites/default/files/styles/publications_255_x_171/public/CBOS%20logo%20Black_6_256_20.jpg?itok=xMLdLEl8,https://cbos.gov.sd/ar/periodicals-publications,CBOS%20logo%20Black_6_256_20.jpg,cbos-source-assets/original/other/other_265_CBOS%20logo%20Black_6_256_20.jpg,45432,jpg,other,CATEGORY 1 — OFFICIAL / DOCUMENTARY ASSET,ar,,CBOS%20logo%20Black 6 256 20.jpg,ar_pub,Central Bank of Sudan Official Website Public Asset,PRESERVE,,PRESERVE
CBOS-AST-0266,https://cbos.gov.sd/sites/default/files/styles/publications_255_x_171/public/CBOS%20logo%20Black_6_256_25.jpg?itok=9QFgswt_,https://cbos.gov.sd/ar/periodicals-publications,CBOS%20logo%20Black_6_256_25.jpg,cbos-source-assets/original/other/other_266_CBOS%20logo%20Black_6_256_25.jpg,45432,jpg,other,CATEGORY 1 — OFFICIAL / DOCUMENTARY ASSET,ar,,CBOS%20logo%20Black 6 256 25.jpg,ar_pub,Central Bank of Sudan Official Website Public Asset,PRESERVE,,PRESERVE
CBOS-AST-0267,https://cbos.gov.sd/sites/default/files/styles/publications_255_x_171/public/CBOS%20logo%20Black_6_256_18.jpg?itok=r-XGZrgS,https://cbos.gov.sd/ar/periodicals-publications,CBOS%20logo%20Black_6_256_18.jpg,cbos-source-assets/original/other/other_267_CBOS%20logo%20Black_6_256_18.jpg,45432,jpg,other,CATEGORY 1 — OFFICIAL / DOCUMENTARY ASSET,ar,,CBOS%20logo%20Black 6 256 18.jpg,ar_pub,Central Bank of Sudan Official Website Public Asset,PRESERVE,,PRESERVE
CBOS-AST-0268,https://cbos.gov.sd/sites/default/files/styles/publications_255_x_171/public/CBOS%20logo%20Black_6_256_17.jpg?itok=DxglPmtN,https://cbos.gov.sd/ar/periodicals-publications,CBOS%20logo%20Black_6_256_17.jpg,cbos-source-assets/original/other/other_268_CBOS%20logo%20Black_6_256_17.jpg,45432,jpg,other,CATEGORY 1 — OFFICIAL / DOCUMENTARY ASSET,ar,,CBOS%20logo%20Black 6 256 17.jpg,ar_pub,Central Bank of Sudan Official Website Public Asset,PRESERVE,,PRESERVE
CBOS-AST-0269,https://cbos.gov.sd/sites/default/files/styles/publications_255_x_171/public/CBOS%20logo%20Black_6_256_16.jpg?itok=FBaIcikN,https://cbos.gov.sd/ar/periodicals-publications,CBOS%20logo%20Black_6_256_16.jpg,cbos-source-assets/original/other/other_269_CBOS%20logo%20Black_6_256_16.jpg,45432,jpg,other,CATEGORY 1 — OFFICIAL / DOCUMENTARY ASSET,ar,,CBOS%20logo%20Black 6 256 16.jpg,ar_pub,Central Bank of Sudan Official Website Public Asset,PRESERVE,,PRESERVE
CBOS-AST-0270,https://cbos.gov.sd/sites/default/files/styles/publications_255_x_171/public/CBOS%20logo%20Black_6_256_15.jpg?itok=nPKXQcx4,https://cbos.gov.sd/ar/periodicals-publications,CBOS%20logo%20Black_6_256_15.jpg,cbos-source-assets/original/other/other_270_CBOS%20logo%20Black_6_256_15.jpg,45432,jpg,other,CATEGORY 1 — OFFICIAL / DOCUMENTARY ASSET,ar,,CBOS%20logo%20Black 6 256 15.jpg,ar_pub,Central Bank of Sudan Official Website Public Asset,PRESERVE,,PRESERVE
CBOS-AST-0271,https://cbos.gov.sd/sites/default/files/styles/publications_255_x_171/public/CBOS%20logo%20Black_6_256_11.jpg?itok=dUxkYN03,https://cbos.gov.sd/ar/periodicals-publications,CBOS%20logo%20Black_6_256_11.jpg,cbos-source-assets/original/other/other_271_CBOS%20logo%20Black_6_256_11.jpg,45432,jpg,other,CATEGORY 1 — OFFICIAL / DOCUMENTARY ASSET,ar,,CBOS%20logo%20Black 6 256 11.jpg,ar_pub,Central Bank of Sudan Official Website Public Asset,PRESERVE,,PRESERVE
CBOS-AST-0272,https://cbos.gov.sd/sites/default/files/styles/publications_255_x_171/public/CBOS%20logo%20Black_6_256_12.jpg?itok=ob3EN3LV,https://cbos.gov.sd/ar/periodicals-publications,CBOS%20logo%20Black_6_256_12.jpg,cbos-source-assets/original/other/other_272_CBOS%20logo%20Black_6_256_12.jpg,45432,jpg,other,CATEGORY 1 — OFFICIAL / DOCUMENTARY ASSET,ar,,CBOS%20logo%20Black 6 256 12.jpg,ar_pub,Central Bank of Sudan Official Website Public Asset,PRESERVE,,PRESERVE
CBOS-AST-0273,https://cbos.gov.sd/sites/default/files/styles/publications_255_x_171/public/CBOS%20logo%20Black_6_256_13.jpg?itok=k43qlET5,https://cbos.gov.sd/ar/periodicals-publications,CBOS%20logo%20Black_6_256_13.jpg,cbos-source-assets/original/other/other_273_CBOS%20logo%20Black_6_256_13.jpg,45432,jpg,other,CATEGORY 1 — OFFICIAL / DOCUMENTARY ASSET,ar,,CBOS%20logo%20Black 6 256 13.jpg,ar_pub,Central Bank of Sudan Official Website Public Asset,PRESERVE,,PRESERVE
CBOS-AST-0274,https://cbos.gov.sd/sites/default/files/styles/publications_255_x_171/public/CBOS%20logo%20Black_6_256_14.jpg?itok=YYh72axC,https://cbos.gov.sd/ar/periodicals-publications,CBOS%20logo%20Black_6_256_14.jpg,cbos-source-assets/original/other/other_274_CBOS%20logo%20Black_6_256_14.jpg,45432,jpg,other,CATEGORY 1 — OFFICIAL / DOCUMENTARY ASSET,ar,,CBOS%20logo%20Black 6 256 14.jpg,ar_pub,Central Bank of Sudan Official Website Public Asset,PRESERVE,,PRESERVE
CBOS-AST-0275,https://cbos.gov.sd/sites/default/files/styles/publications_255_x_171/public/CBOS%20logo%20Black_6_256_6.jpg?itok=gt7q1kK2,https://cbos.gov.sd/ar/periodicals-publications,CBOS%20logo%20Black_6_256_6.jpg,cbos-source-assets/original/other/other_275_CBOS%20logo%20Black_6_256_6.jpg,45432,jpg,other,CATEGORY 1 — OFFICIAL / DOCUMENTARY ASSET,ar,,CBOS%20logo%20Black 6 256 6.jpg,ar_pub,Central Bank of Sudan Official Website Public Asset,PRESERVE,,PRESERVE
CBOS-AST-0276,https://cbos.gov.sd/sites/default/files/styles/publications_255_x_171/public/CBOS%20logo%20Black_6_256_7.jpg?itok=gYWhJNHG,https://cbos.gov.sd/ar/periodicals-publications,CBOS%20logo%20Black_6_256_7.jpg,cbos-source-assets/original/other/other_276_CBOS%20logo%20Black_6_256_7.jpg,45432,jpg,other,CATEGORY 1 — OFFICIAL / DOCUMENTARY ASSET,ar,,CBOS%20logo%20Black 6 256 7.jpg,ar_pub,Central Bank of Sudan Official Website Public Asset,PRESERVE,,PRESERVE
CBOS-AST-0277,https://cbos.gov.sd/sites/default/files/styles/publications_255_x_171/public/CBOS%20logo%20Black_6_256_8.jpg?itok=Ass93IIC,https://cbos.gov.sd/ar/periodicals-publications,CBOS%20logo%20Black_6_256_8.jpg,cbos-source-assets/original/other/other_277_CBOS%20logo%20Black_6_256_8.jpg,45432,jpg,other,CATEGORY 1 — OFFICIAL / DOCUMENTARY ASSET,ar,,CBOS%20logo%20Black 6 256 8.jpg,ar_pub,Central Bank of Sudan Official Website Public Asset,PRESERVE,,PRESERVE
CBOS-AST-0278,https://cbos.gov.sd/sites/default/files/styles/publications_255_x_171/public/CBOS%20logo%20Black_6_256_9.jpg?itok=WR077YmR,https://cbos.gov.sd/ar/periodicals-publications,CBOS%20logo%20Black_6_256_9.jpg,cbos-source-assets/original/other/other_278_CBOS%20logo%20Black_6_256_9.jpg,45432,jpg,other,CATEGORY 1 — OFFICIAL / DOCUMENTARY ASSET,ar,,CBOS%20logo%20Black 6 256 9.jpg,ar_pub,Central Bank of Sudan Official Website Public Asset,PRESERVE,,PRESERVE
CBOS-AST-0279,https://cbos.gov.sd/sites/default/files/styles/publications_255_x_171/public/CBOS%20logo%20Black_6_256_0.jpg?itok=VrBxEHtw,https://cbos.gov.sd/ar/periodicals-publications,CBOS%20logo%20Black_6_256_0.jpg,cbos-source-assets/original/other/other_279_CBOS%20logo%20Black_6_256_0.jpg,45432,jpg,other,CATEGORY 1 — OFFICIAL / DOCUMENTARY ASSET,ar,,CBOS%20logo%20Black 6 256 0.jpg,ar_pub,Central Bank of Sudan Official Website Public Asset,PRESERVE,,PRESERVE
CBOS-AST-0280,https://cbos.gov.sd/sites/default/files/styles/publications_255_x_171/public/CBOS%20logo%20Black_6_256_3.jpg?itok=1RQc4Iur,https://cbos.gov.sd/ar/periodicals-publications,CBOS%20logo%20Black_6_256_3.jpg,cbos-source-assets/original/other/other_280_CBOS%20logo%20Black_6_256_3.jpg,45432,jpg,other,CATEGORY 1 — OFFICIAL / DOCUMENTARY ASSET,ar,,CBOS%20logo%20Black 6 256 3.jpg,ar_pub,Central Bank of Sudan Official Website Public Asset,PRESERVE,,PRESERVE
CBOS-AST-0281,https://cbos.gov.sd/sites/default/files/styles/publications_255_x_171/public/CBOS%20logo%20Black_6_256_4.jpg?itok=XbJMIeFM,https://cbos.gov.sd/ar/periodicals-publications,CBOS%20logo%20Black_6_256_4.jpg,cbos-source-assets/original/other/other_281_CBOS%20logo%20Black_6_256_4.jpg,45432,jpg,other,CATEGORY 1 — OFFICIAL / DOCUMENTARY ASSET,ar,,CBOS%20logo%20Black 6 256 4.jpg,ar_pub,Central Bank of Sudan Official Website Public Asset,PRESERVE,,PRESERVE
CBOS-AST-0282,https://cbos.gov.sd/sites/default/files/styles/publications_255_x_171/public/CBOS%20logo%20Black_6_256_5.jpg?itok=th6SQvO2,https://cbos.gov.sd/ar/periodicals-publications,CBOS%20logo%20Black_6_256_5.jpg,cbos-source-assets/original/other/other_282_CBOS%20logo%20Black_6_256_5.jpg,45432,jpg,other,CATEGORY 1 — OFFICIAL / DOCUMENTARY ASSET,ar,,CBOS%20logo%20Black 6 256 5.jpg,ar_pub,Central Bank of Sudan Official Website Public Asset,PRESERVE,,PRESERVE
CBOS-AST-0283,https://cbos.gov.sd/sites/default/files/styles/publications_255_x_171/public/CBOS%20logo%20Black_6_256_1.jpg?itok=lj8YmJ9e,https://cbos.gov.sd/ar/periodicals-publications,CBOS%20logo%20Black_6_256_1.jpg,cbos-source-assets/original/other/other_283_CBOS%20logo%20Black_6_256_1.jpg,45432,jpg,other,CATEGORY 1 — OFFICIAL / DOCUMENTARY ASSET,ar,,CBOS%20logo%20Black 6 256 1.jpg,ar_pub,Central Bank of Sudan Official Website Public Asset,PRESERVE,,PRESERVE
CBOS-AST-0284,https://cbos.gov.sd/sites/default/files/styles/publications_255_x_171/public/CBOS%20logo%20Black_6_230_1.jpg?itok=dnefhmCm,https://cbos.gov.sd/ar/periodicals-publications,CBOS%20logo%20Black_6_230_1.jpg,cbos-source-assets/original/other/other_284_CBOS%20logo%20Black_6_230_1.jpg,45432,jpg,other,CATEGORY 1 — OFFICIAL / DOCUMENTARY ASSET,ar,,CBOS%20logo%20Black 6 230 1.jpg,ar_pub,Central Bank of Sudan Official Website Public Asset,PRESERVE,,PRESERVE
CBOS-AST-0285,https://cbos.gov.sd/sites/default/files/styles/publications_255_x_171/public/CBOS%20logo%20Black_6_256_72.jpg?itok=NYZQ0kGM,https://cbos.gov.sd/ar/periodicals-publications,CBOS%20logo%20Black_6_256_72.jpg,cbos-source-assets/original/other/other_285_CBOS%20logo%20Black_6_256_72.jpg,45432,jpg,other,CATEGORY 1 — OFFICIAL / DOCUMENTARY ASSET,ar,,CBOS%20logo%20Black 6 256 72.jpg,ar_pub,Central Bank of Sudan Official Website Public Asset,PRESERVE,,PRESERVE
CBOS-AST-0286,https://cbos.gov.sd/sites/default/files/styles/publications_255_x_171/public/CBOS%20logo%20Black_6_256_73.jpg?itok=ijz2-JvS,https://cbos.gov.sd/ar/periodicals-publications,CBOS%20logo%20Black_6_256_73.jpg,cbos-source-assets/original/other/other_286_CBOS%20logo%20Black_6_256_73.jpg,45432,jpg,other,CATEGORY 1 — OFFICIAL / DOCUMENTARY ASSET,ar,,CBOS%20logo%20Black 6 256 73.jpg,ar_pub,Central Bank of Sudan Official Website Public Asset,PRESERVE,,PRESERVE
CBOS-AST-0287,https://cbos.gov.sd/sites/default/files/styles/publications_255_x_171/public/CBOS%20logo%20Black_6_256_74.jpg?itok=xv0kFEUk,https://cbos.gov.sd/ar/periodicals-publications,CBOS%20logo%20Black_6_256_74.jpg,cbos-source-assets/original/other/other_287_CBOS%20logo%20Black_6_256_74.jpg,45432,jpg,other,CATEGORY 1 — OFFICIAL / DOCUMENTARY ASSET,ar,,CBOS%20logo%20Black 6 256 74.jpg,ar_pub,Central Bank of Sudan Official Website Public Asset,PRESERVE,,PRESERVE
CBOS-AST-0288,https://cbos.gov.sd/sites/default/files/styles/publications_255_x_171/public/CBOS%20logo%20Black_6_256_48.jpg?itok=XLKhF5BJ,https://cbos.gov.sd/ar/periodicals-publications,CBOS%20logo%20Black_6_256_48.jpg,cbos-source-assets/original/other/other_288_CBOS%20logo%20Black_6_256_48.jpg,45432,jpg,other,CATEGORY 1 — OFFICIAL / DOCUMENTARY ASSET,ar,,CBOS%20logo%20Black 6 256 48.jpg,ar_pub,Central Bank of Sudan Official Website Public Asset,PRESERVE,,PRESERVE
CBOS-AST-0289,https://cbos.gov.sd/sites/default/files/styles/publications_255_x_171/public/CBOS%20logo%20Black_6_256_49.jpg?itok=aK_26JYM,https://cbos.gov.sd/ar/periodicals-publications,CBOS%20logo%20Black_6_256_49.jpg,cbos-source-assets/original/other/other_289_CBOS%20logo%20Black_6_256_49.jpg,45432,jpg,other,CATEGORY 1 — OFFICIAL / DOCUMENTARY ASSET,ar,,CBOS%20logo%20Black 6 256 49.jpg,ar_pub,Central Bank of Sudan Official Website Public Asset,PRESERVE,,PRESERVE
CBOS-AST-0290,https://cbos.gov.sd/sites/default/files/styles/publications_255_x_171/public/CBOS%20logo%20Black_6_256_50.jpg?itok=YfljxXRy,https://cbos.gov.sd/ar/periodicals-publications,CBOS%20logo%20Black_6_256_50.jpg,cbos-source-assets/original/other/other_290_CBOS%20logo%20Black_6_256_50.jpg,45432,jpg,other,CATEGORY 1 — OFFICIAL / DOCUMENTARY ASSET,ar,,CBOS%20logo%20Black 6 256 50.jpg,ar_pub,Central Bank of Sudan Official Website Public Asset,PRESERVE,,PRESERVE
CBOS-AST-0291,https://cbos.gov.sd/sites/default/files/styles/publications_255_x_171/public/CBOS%20logo%20Black_6_256_76.jpg?itok=SLivKE_g,https://cbos.gov.sd/ar/periodicals-publications,CBOS%20logo%20Black_6_256_76.jpg,cbos-source-assets/original/other/other_291_CBOS%20logo%20Black_6_256_76.jpg,45432,jpg,other,CATEGORY 1 — OFFICIAL / DOCUMENTARY ASSET,ar,,CBOS%20logo%20Black 6 256 76.jpg,ar_pub,Central Bank of Sudan Official Website Public Asset,PRESERVE,,PRESERVE
CBOS-AST-0292,https://cbos.gov.sd/sites/default/files/styles/publications_255_x_171/public/CBOS%20logo%20Black_6_256_75.jpg?itok=ok9u0Qdm,https://cbos.gov.sd/ar/periodicals-publications,CBOS%20logo%20Black_6_256_75.jpg,cbos-source-assets/original/other/other_292_CBOS%20logo%20Black_6_256_75.jpg,45432,jpg,other,CATEGORY 1 — OFFICIAL / DOCUMENTARY ASSET,ar,,CBOS%20logo%20Black 6 256 75.jpg,ar_pub,Central Bank of Sudan Official Website Public Asset,PRESERVE,,PRESERVE
CBOS-AST-0293,https://cbos.gov.sd/sites/default/files/styles/publications_255_x_171/public/CBOS%20logo%20Black_6_256_78.jpg?itok=DQcjdDDS,https://cbos.gov.sd/ar/periodicals-publications,CBOS%20logo%20Black_6_256_78.jpg,cbos-source-assets/original/other/other_293_CBOS%20logo%20Black_6_256_78.jpg,45432,jpg,other,CATEGORY 1 — OFFICIAL / DOCUMENTARY ASSET,ar,,CBOS%20logo%20Black 6 256 78.jpg,ar_pub,Central Bank of Sudan Official Website Public Asset,PRESERVE,,PRESERVE
CBOS-AST-0294,https://cbos.gov.sd/sites/default/files/styles/publications_255_x_171/public/CBOS%20logo%20Black_6_256_77.jpg?itok=OhHS0llS,https://cbos.gov.sd/ar/periodicals-publications,CBOS%20logo%20Black_6_256_77.jpg,cbos-source-assets/original/other/other_294_CBOS%20logo%20Black_6_256_77.jpg,45432,jpg,other,CATEGORY 1 — OFFICIAL / DOCUMENTARY ASSET,ar,,CBOS%20logo%20Black 6 256 77.jpg,ar_pub,Central Bank of Sudan Official Website Public Asset,PRESERVE,,PRESERVE
CBOS-AST-0295,https://cbos.gov.sd/sites/default/files/styles/publications_255_x_171/public/CBOS%20logo%20Black_6_603.jpg?itok=jwy0Q7Xd,https://cbos.gov.sd/ar/periodicals-publications,CBOS%20logo%20Black_6_603.jpg,cbos-source-assets/original/other/other_295_CBOS%20logo%20Black_6_603.jpg,45432,jpg,other,CATEGORY 1 — OFFICIAL / DOCUMENTARY ASSET,ar,,CBOS%20logo%20Black 6 603.jpg,ar_pub,Central Bank of Sudan Official Website Public Asset,PRESERVE,,PRESERVE
CBOS-AST-0296,https://cbos.gov.sd/sites/default/files/styles/publications_255_x_171/public/CBOS%20logo%20Black_6_602.jpg?itok=KLShjk0L,https://cbos.gov.sd/ar/periodicals-publications,CBOS%20logo%20Black_6_602.jpg,cbos-source-assets/original/other/other_296_CBOS%20logo%20Black_6_602.jpg,45432,jpg,other,CATEGORY 1 — OFFICIAL / DOCUMENTARY ASSET,ar,,CBOS%20logo%20Black 6 602.jpg,ar_pub,Central Bank of Sudan Official Website Public Asset,PRESERVE,,PRESERVE
CBOS-AST-0297,https://cbos.gov.sd/sites/default/files/styles/publications_255_x_171/public/CBOS%20logo%20Black_6_601.jpg?itok=0F7Fvc0y,https://cbos.gov.sd/ar/periodicals-publications,CBOS%20logo%20Black_6_601.jpg,cbos-source-assets/original/other/other_297_CBOS%20logo%20Black_6_601.jpg,45432,jpg,other,CATEGORY 1 — OFFICIAL / DOCUMENTARY ASSET,ar,,CBOS%20logo%20Black 6 601.jpg,ar_pub,Central Bank of Sudan Official Website Public Asset,PRESERVE,,PRESERVE
CBOS-AST-0298,https://cbos.gov.sd/sites/default/files/styles/publications_255_x_171/public/CBOS%20logo%20Black_6_599.jpg?itok=FdaCUy_c,https://cbos.gov.sd/ar/periodicals-publications,CBOS%20logo%20Black_6_599.jpg,cbos-source-assets/original/other/other_298_CBOS%20logo%20Black_6_599.jpg,45432,jpg,other,CATEGORY 1 — OFFICIAL / DOCUMENTARY ASSET,ar,,CBOS%20logo%20Black 6 599.jpg,ar_pub,Central Bank of Sudan Official Website Public Asset,PRESERVE,,PRESERVE
CBOS-AST-0299,https://cbos.gov.sd/sites/default/files/styles/publications_255_x_171/public/CBOS%20logo%20Black_6_598.jpg?itok=zSnDOBvo,https://cbos.gov.sd/ar/periodicals-publications,CBOS%20logo%20Black_6_598.jpg,cbos-source-assets/original/other/other_299_CBOS%20logo%20Black_6_598.jpg,45432,jpg,other,CATEGORY 1 — OFFICIAL / DOCUMENTARY ASSET,ar,,CBOS%20logo%20Black 6 598.jpg,ar_pub,Central Bank of Sudan Official Website Public Asset,PRESERVE,,PRESERVE
CBOS-AST-0300,https://cbos.gov.sd/sites/default/files/styles/publications_255_x_171/public/CBOS%20logo%20Black_6_597.jpg?itok=y9gyaTVb,https://cbos.gov.sd/ar/periodicals-publications,CBOS%20logo%20Black_6_597.jpg,cbos-source-assets/original/other/other_300_CBOS%20logo%20Black_6_597.jpg,45432,jpg,other,CATEGORY 1 — OFFICIAL / DOCUMENTARY ASSET,ar,,CBOS%20logo%20Black 6 597.jpg,ar_pub,Central Bank of Sudan Official Website Public Asset,PRESERVE,,PRESERVE
CBOS-AST-0301,https://cbos.gov.sd/sites/default/files/styles/publications_255_x_171/public/CBOS%20logo%20Black_6_596.jpg?itok=tZ6EAJPW,https://cbos.gov.sd/ar/periodicals-publications,CBOS%20logo%20Black_6_596.jpg,cbos-source-assets/original/other/other_301_CBOS%20logo%20Black_6_596.jpg,45432,jpg,other,CATEGORY 1 — OFFICIAL / DOCUMENTARY ASSET,ar,,CBOS%20logo%20Black 6 596.jpg,ar_pub,Central Bank of Sudan Official Website Public Asset,PRESERVE,,PRESERVE
CBOS-AST-0302,https://cbos.gov.sd/sites/default/files/styles/publications_255_x_171/public/CBOS%20logo%20Black_6_595.jpg?itok=f-v_Ef0J,https://cbos.gov.sd/ar/periodicals-publications,CBOS%20logo%20Black_6_595.jpg,cbos-source-assets/original/other/other_302_CBOS%20logo%20Black_6_595.jpg,45432,jpg,other,CATEGORY 1 — OFFICIAL / DOCUMENTARY ASSET,ar,,CBOS%20logo%20Black 6 595.jpg,ar_pub,Central Bank of Sudan Official Website Public Asset,PRESERVE,,PRESERVE
CBOS-AST-0303,https://cbos.gov.sd/sites/default/files/styles/publications_255_x_171/public/CBOS%20logo%20Black_6_594.jpg?itok=ZGLQZy2I,https://cbos.gov.sd/ar/periodicals-publications,CBOS%20logo%20Black_6_594.jpg,cbos-source-assets/original/other/other_303_CBOS%20logo%20Black_6_594.jpg,45432,jpg,other,CATEGORY 1 — OFFICIAL / DOCUMENTARY ASSET,ar,,CBOS%20logo%20Black 6 594.jpg,ar_pub,Central Bank of Sudan Official Website Public Asset,PRESERVE,,PRESERVE
CBOS-AST-0304,https://cbos.gov.sd/sites/default/files/styles/publications_255_x_171/public/CBOS%20logo%20Black_6_593.jpg?itok=p8l5CKhZ,https://cbos.gov.sd/ar/periodicals-publications,CBOS%20logo%20Black_6_593.jpg,cbos-source-assets/original/other/other_304_CBOS%20logo%20Black_6_593.jpg,45432,jpg,other,CATEGORY 1 — OFFICIAL / DOCUMENTARY ASSET,ar,,CBOS%20logo%20Black 6 593.jpg,ar_pub,Central Bank of Sudan Official Website Public Asset,PRESERVE,,PRESERVE
CBOS-AST-0305,https://cbos.gov.sd/sites/default/files/styles/publications_255_x_171/public/CBOS%20logo%20Black_6_592.jpg?itok=ZhAWiP_c,https://cbos.gov.sd/ar/periodicals-publications,CBOS%20logo%20Black_6_592.jpg,cbos-source-assets/original/other/other_305_CBOS%20logo%20Black_6_592.jpg,45432,jpg,other,CATEGORY 1 — OFFICIAL / DOCUMENTARY ASSET,ar,,CBOS%20logo%20Black 6 592.jpg,ar_pub,Central Bank of Sudan Official Website Public Asset,PRESERVE,,PRESERVE
CBOS-AST-0306,https://cbos.gov.sd/sites/default/files/styles/publications_255_x_171/public/CBOS%20logo%20Black_6_591.jpg?itok=pn89N6hS,https://cbos.gov.sd/ar/periodicals-publications,CBOS%20logo%20Black_6_591.jpg,cbos-source-assets/original/other/other_306_CBOS%20logo%20Black_6_591.jpg,45432,jpg,other,CATEGORY 1 — OFFICIAL / DOCUMENTARY ASSET,ar,,CBOS%20logo%20Black 6 591.jpg,ar_pub,Central Bank of Sudan Official Website Public Asset,PRESERVE,,PRESERVE
CBOS-AST-0307,https://cbos.gov.sd/sites/default/files/styles/publications_255_x_171/public/CBOS%20logo%20Black_6_590.jpg?itok=u5FLn8aI,https://cbos.gov.sd/ar/periodicals-publications,CBOS%20logo%20Black_6_590.jpg,cbos-source-assets/original/other/other_307_CBOS%20logo%20Black_6_590.jpg,45432,jpg,other,CATEGORY 1 — OFFICIAL / DOCUMENTARY ASSET,ar,,CBOS%20logo%20Black 6 590.jpg,ar_pub,Central Bank of Sudan Official Website Public Asset,PRESERVE,,PRESERVE
CBOS-AST-0308,https://cbos.gov.sd/sites/default/files/styles/publications_255_x_171/public/CBOS%20logo%20Black_6_589.jpg?itok=otf8BKdw,https://cbos.gov.sd/ar/periodicals-publications,CBOS%20logo%20Black_6_589.jpg,cbos-source-assets/original/other/other_308_CBOS%20logo%20Black_6_589.jpg,45432,jpg,other,CATEGORY 1 — OFFICIAL / DOCUMENTARY ASSET,ar,,CBOS%20logo%20Black 6 589.jpg,ar_pub,Central Bank of Sudan Official Website Public Asset,PRESERVE,,PRESERVE
CBOS-AST-0309,https://cbos.gov.sd/sites/default/files/styles/publications_255_x_171/public/CBOS%20logo%20Black_6_588.jpg?itok=Ozw2Chs_,https://cbos.gov.sd/ar/periodicals-publications,CBOS%20logo%20Black_6_588.jpg,cbos-source-assets/original/other/other_309_CBOS%20logo%20Black_6_588.jpg,45432,jpg,other,CATEGORY 1 — OFFICIAL / DOCUMENTARY ASSET,ar,,CBOS%20logo%20Black 6 588.jpg,ar_pub,Central Bank of Sudan Official Website Public Asset,PRESERVE,,PRESERVE
CBOS-AST-0310,https://cbos.gov.sd/sites/default/files/styles/publications_255_x_171/public/CBOS%20logo%20Black_6_586.jpg?itok=OcKXnU2t,https://cbos.gov.sd/ar/periodicals-publications,CBOS%20logo%20Black_6_586.jpg,cbos-source-assets/original/other/other_310_CBOS%20logo%20Black_6_586.jpg,45432,jpg,other,CATEGORY 1 — OFFICIAL / DOCUMENTARY ASSET,ar,,CBOS%20logo%20Black 6 586.jpg,ar_pub,Central Bank of Sudan Official Website Public Asset,PRESERVE,,PRESERVE
CBOS-AST-0311,https://cbos.gov.sd/sites/default/files/styles/publications_255_x_171/public/CBOS%20logo%20Black_6_585.jpg?itok=XuFzwS9n,https://cbos.gov.sd/ar/periodicals-publications,CBOS%20logo%20Black_6_585.jpg,cbos-source-assets/original/other/other_311_CBOS%20logo%20Black_6_585.jpg,45432,jpg,other,CATEGORY 1 — OFFICIAL / DOCUMENTARY ASSET,ar,,CBOS%20logo%20Black 6 585.jpg,ar_pub,Central Bank of Sudan Official Website Public Asset,PRESERVE,,PRESERVE
CBOS-AST-0312,https://cbos.gov.sd/sites/default/files/styles/publications_255_x_171/public/CBOS%20logo%20Black_6_584.jpg?itok=lBXorgs6,https://cbos.gov.sd/ar/periodicals-publications,CBOS%20logo%20Black_6_584.jpg,cbos-source-assets/original/other/other_312_CBOS%20logo%20Black_6_584.jpg,45432,jpg,other,CATEGORY 1 — OFFICIAL / DOCUMENTARY ASSET,ar,,CBOS%20logo%20Black 6 584.jpg,ar_pub,Central Bank of Sudan Official Website Public Asset,PRESERVE,,PRESERVE
CBOS-AST-0313,https://cbos.gov.sd/sites/default/files/styles/publications_255_x_171/public/CBOS%20logo%20Black_6_583.jpg?itok=hLCd86zl,https://cbos.gov.sd/ar/periodicals-publications,CBOS%20logo%20Black_6_583.jpg,cbos-source-assets/original/other/other_313_CBOS%20logo%20Black_6_583.jpg,45432,jpg,other,CATEGORY 1 — OFFICIAL / DOCUMENTARY ASSET,ar,,CBOS%20logo%20Black 6 583.jpg,ar_pub,Central Bank of Sudan Official Website Public Asset,PRESERVE,,PRESERVE
CBOS-AST-0314,https://cbos.gov.sd/sites/default/files/styles/publications_255_x_171/public/CBOS%20logo%20Black_6_578.jpg?itok=um65Lnwa,https://cbos.gov.sd/ar/periodicals-publications,CBOS%20logo%20Black_6_578.jpg,cbos-source-assets/original/other/other_314_CBOS%20logo%20Black_6_578.jpg,45432,jpg,other,CATEGORY 1 — OFFICIAL / DOCUMENTARY ASSET,ar,,CBOS%20logo%20Black 6 578.jpg,ar_pub,Central Bank of Sudan Official Website Public Asset,PRESERVE,,PRESERVE
CBOS-AST-0315,https://cbos.gov.sd/sites/default/files/styles/publications_255_x_171/public/CBOS%20logo%20Black_6_577.jpg?itok=FJuvvQle,https://cbos.gov.sd/ar/periodicals-publications,CBOS%20logo%20Black_6_577.jpg,cbos-source-assets/original/other/other_315_CBOS%20logo%20Black_6_577.jpg,45432,jpg,other,CATEGORY 1 — OFFICIAL / DOCUMENTARY ASSET,ar,,CBOS%20logo%20Black 6 577.jpg,ar_pub,Central Bank of Sudan Official Website Public Asset,PRESERVE,,PRESERVE
CBOS-AST-0316,https://cbos.gov.sd/sites/default/files/styles/publications_255_x_171/public/CBOS%20logo%20Black_6_575.jpg?itok=4UNchCVk,https://cbos.gov.sd/ar/periodicals-publications,CBOS%20logo%20Black_6_575.jpg,cbos-source-assets/original/other/other_316_CBOS%20logo%20Black_6_575.jpg,45432,jpg,other,CATEGORY 1 — OFFICIAL / DOCUMENTARY ASSET,ar,,CBOS%20logo%20Black 6 575.jpg,ar_pub,Central Bank of Sudan Official Website Public Asset,PRESERVE,,PRESERVE
CBOS-AST-0317,https://cbos.gov.sd/sites/default/files/styles/publications_255_x_171/public/CBOS%20logo%20Black_6_574.jpg?itok=VN0TfR6D,https://cbos.gov.sd/ar/periodicals-publications,CBOS%20logo%20Black_6_574.jpg,cbos-source-assets/original/other/other_317_CBOS%20logo%20Black_6_574.jpg,45432,jpg,other,CATEGORY 1 — OFFICIAL / DOCUMENTARY ASSET,ar,,CBOS%20logo%20Black 6 574.jpg,ar_pub,Central Bank of Sudan Official Website Public Asset,PRESERVE,,PRESERVE
CBOS-AST-0318,https://cbos.gov.sd/sites/default/files/styles/publications_255_x_171/public/CBOS%20logo%20Black_6_573.jpg?itok=5PUeEFwQ,https://cbos.gov.sd/ar/periodicals-publications,CBOS%20logo%20Black_6_573.jpg,cbos-source-assets/original/other/other_318_CBOS%20logo%20Black_6_573.jpg,45432,jpg,other,CATEGORY 1 — OFFICIAL / DOCUMENTARY ASSET,ar,,CBOS%20logo%20Black 6 573.jpg,ar_pub,Central Bank of Sudan Official Website Public Asset,PRESERVE,,PRESERVE
CBOS-AST-0319,https://cbos.gov.sd/sites/default/files/styles/publications_255_x_171/public/CBOS%20logo%20Black_6_572.jpg?itok=rqNgDCp1,https://cbos.gov.sd/ar/periodicals-publications,CBOS%20logo%20Black_6_572.jpg,cbos-source-assets/original/other/other_319_CBOS%20logo%20Black_6_572.jpg,45432,jpg,other,CATEGORY 1 — OFFICIAL / DOCUMENTARY ASSET,ar,,CBOS%20logo%20Black 6 572.jpg,ar_pub,Central Bank of Sudan Official Website Public Asset,PRESERVE,,PRESERVE
CBOS-AST-0320,https://cbos.gov.sd/sites/default/files/styles/publications_255_x_171/public/CBOS%20logo%20Black_6_571.jpg?itok=W4cZPMMo,https://cbos.gov.sd/ar/periodicals-publications,CBOS%20logo%20Black_6_571.jpg,cbos-source-assets/original/other/other_320_CBOS%20logo%20Black_6_571.jpg,45432,jpg,other,CATEGORY 1 — OFFICIAL / DOCUMENTARY ASSET,ar,,CBOS%20logo%20Black 6 571.jpg,ar_pub,Central Bank of Sudan Official Website Public Asset,PRESERVE,,PRESERVE
CBOS-AST-0321,https://cbos.gov.sd/sites/default/files/styles/publications_255_x_171/public/CBOS%20logo%20Black_6_570.jpg?itok=xSbrTIW4,https://cbos.gov.sd/ar/periodicals-publications,CBOS%20logo%20Black_6_570.jpg,cbos-source-assets/original/other/other_321_CBOS%20logo%20Black_6_570.jpg,45432,jpg,other,CATEGORY 1 — OFFICIAL / DOCUMENTARY ASSET,ar,,CBOS%20logo%20Black 6 570.jpg,ar_pub,Central Bank of Sudan Official Website Public Asset,PRESERVE,,PRESERVE
CBOS-AST-0322,https://cbos.gov.sd/sites/default/files/styles/publications_255_x_171/public/CBOS%20logo%20Black_6_569.jpg?itok=3lP_PZuW,https://cbos.gov.sd/ar/periodicals-publications,CBOS%20logo%20Black_6_569.jpg,cbos-source-assets/original/other/other_322_CBOS%20logo%20Black_6_569.jpg,45432,jpg,other,CATEGORY 1 — OFFICIAL / DOCUMENTARY ASSET,ar,,CBOS%20logo%20Black 6 569.jpg,ar_pub,Central Bank of Sudan Official Website Public Asset,PRESERVE,,PRESERVE
CBOS-AST-0323,https://cbos.gov.sd/sites/default/files/styles/publications_255_x_171/public/CBOS%20logo%20Black_6_568.jpg?itok=5Dx-AswE,https://cbos.gov.sd/ar/periodicals-publications,CBOS%20logo%20Black_6_568.jpg,cbos-source-assets/original/other/other_323_CBOS%20logo%20Black_6_568.jpg,45432,jpg,other,CATEGORY 1 — OFFICIAL / DOCUMENTARY ASSET,ar,,CBOS%20logo%20Black 6 568.jpg,ar_pub,Central Bank of Sudan Official Website Public Asset,PRESERVE,,PRESERVE
CBOS-AST-0324,https://cbos.gov.sd/sites/default/files/styles/publications_255_x_171/public/CBOS%20logo%20Black_6_567.jpg?itok=iiKrQloo,https://cbos.gov.sd/ar/periodicals-publications,CBOS%20logo%20Black_6_567.jpg,cbos-source-assets/original/other/other_324_CBOS%20logo%20Black_6_567.jpg,45432,jpg,other,CATEGORY 1 — OFFICIAL / DOCUMENTARY ASSET,ar,,CBOS%20logo%20Black 6 567.jpg,ar_pub,Central Bank of Sudan Official Website Public Asset,PRESERVE,,PRESERVE
CBOS-AST-0325,https://cbos.gov.sd/sites/default/files/styles/publications_255_x_171/public/CBOS%20logo%20Black_6_566.jpg?itok=nZS3Id43,https://cbos.gov.sd/ar/periodicals-publications,CBOS%20logo%20Black_6_566.jpg,cbos-source-assets/original/other/other_325_CBOS%20logo%20Black_6_566.jpg,45432,jpg,other,CATEGORY 1 — OFFICIAL / DOCUMENTARY ASSET,ar,,CBOS%20logo%20Black 6 566.jpg,ar_pub,Central Bank of Sudan Official Website Public Asset,PRESERVE,,PRESERVE
CBOS-AST-0326,https://cbos.gov.sd/sites/default/files/styles/publications_255_x_171/public/CBOS%20logo%20Black_6_565.jpg?itok=xJcAAd0x,https://cbos.gov.sd/ar/periodicals-publications,CBOS%20logo%20Black_6_565.jpg,cbos-source-assets/original/other/other_326_CBOS%20logo%20Black_6_565.jpg,45432,jpg,other,CATEGORY 1 — OFFICIAL / DOCUMENTARY ASSET,ar,,CBOS%20logo%20Black 6 565.jpg,ar_pub,Central Bank of Sudan Official Website Public Asset,PRESERVE,,PRESERVE
CBOS-AST-0327,https://cbos.gov.sd/sites/default/files/styles/publications_255_x_171/public/CBOS%20logo%20Black_6_564.jpg?itok=rthMoixM,https://cbos.gov.sd/ar/periodicals-publications,CBOS%20logo%20Black_6_564.jpg,cbos-source-assets/original/other/other_327_CBOS%20logo%20Black_6_564.jpg,45432,jpg,other,CATEGORY 1 — OFFICIAL / DOCUMENTARY ASSET,ar,,CBOS%20logo%20Black 6 564.jpg,ar_pub,Central Bank of Sudan Official Website Public Asset,PRESERVE,,PRESERVE
CBOS-AST-0328,https://cbos.gov.sd/sites/default/files/styles/publications_255_x_171/public/CBOS%20logo%20Black_6_563.jpg?itok=VogZ8CrV,https://cbos.gov.sd/ar/periodicals-publications,CBOS%20logo%20Black_6_563.jpg,cbos-source-assets/original/other/other_328_CBOS%20logo%20Black_6_563.jpg,45432,jpg,other,CATEGORY 1 — OFFICIAL / DOCUMENTARY ASSET,ar,,CBOS%20logo%20Black 6 563.jpg,ar_pub,Central Bank of Sudan Official Website Public Asset,PRESERVE,,PRESERVE
CBOS-AST-0329,https://cbos.gov.sd/sites/default/files/styles/publications_255_x_171/public/CBOS%20logo%20Black_6_562.jpg?itok=ejbalIzS,https://cbos.gov.sd/ar/periodicals-publications,CBOS%20logo%20Black_6_562.jpg,cbos-source-assets/original/other/other_329_CBOS%20logo%20Black_6_562.jpg,45432,jpg,other,CATEGORY 1 — OFFICIAL / DOCUMENTARY ASSET,ar,,CBOS%20logo%20Black 6 562.jpg,ar_pub,Central Bank of Sudan Official Website Public Asset,PRESERVE,,PRESERVE
CBOS-AST-0330,https://cbos.gov.sd/sites/default/files/styles/publications_255_x_171/public/CBOS%20logo%20Black_6_561.jpg?itok=g6UcYqpR,https://cbos.gov.sd/ar/periodicals-publications,CBOS%20logo%20Black_6_561.jpg,cbos-source-assets/original/other/other_330_CBOS%20logo%20Black_6_561.jpg,45432,jpg,other,CATEGORY 1 — OFFICIAL / DOCUMENTARY ASSET,ar,,CBOS%20logo%20Black 6 561.jpg,ar_pub,Central Bank of Sudan Official Website Public Asset,PRESERVE,,PRESERVE
CBOS-AST-0331,https://cbos.gov.sd/sites/default/files/styles/publications_255_x_171/public/CBOS%20logo%20Black_6_560.jpg?itok=pp4Vzvwp,https://cbos.gov.sd/ar/periodicals-publications,CBOS%20logo%20Black_6_560.jpg,cbos-source-assets/original/other/other_331_CBOS%20logo%20Black_6_560.jpg,45432,jpg,other,CATEGORY 1 — OFFICIAL / DOCUMENTARY ASSET,ar,,CBOS%20logo%20Black 6 560.jpg,ar_pub,Central Bank of Sudan Official Website Public Asset,PRESERVE,,PRESERVE
CBOS-AST-0332,https://cbos.gov.sd/sites/default/files/styles/publications_255_x_171/public/CBOS%20logo%20Black_6_559.jpg?itok=75QcUuxW,https://cbos.gov.sd/ar/periodicals-publications,CBOS%20logo%20Black_6_559.jpg,cbos-source-assets/original/other/other_332_CBOS%20logo%20Black_6_559.jpg,45432,jpg,other,CATEGORY 1 — OFFICIAL / DOCUMENTARY ASSET,ar,,CBOS%20logo%20Black 6 559.jpg,ar_pub,Central Bank of Sudan Official Website Public Asset,PRESERVE,,PRESERVE
CBOS-AST-0333,https://cbos.gov.sd/sites/default/files/styles/publications_255_x_171/public/CBOS%20logo%20Black_6_558.jpg?itok=_wTOYSbw,https://cbos.gov.sd/ar/periodicals-publications,CBOS%20logo%20Black_6_558.jpg,cbos-source-assets/original/other/other_333_CBOS%20logo%20Black_6_558.jpg,45432,jpg,other,CATEGORY 1 — OFFICIAL / DOCUMENTARY ASSET,ar,,CBOS%20logo%20Black 6 558.jpg,ar_pub,Central Bank of Sudan Official Website Public Asset,PRESERVE,,PRESERVE
CBOS-AST-0334,https://cbos.gov.sd/sites/default/files/styles/publications_255_x_171/public/CBOS%20logo%20Black_6_476.jpg?itok=bYjjT_vR,https://cbos.gov.sd/ar/periodicals-publications,CBOS%20logo%20Black_6_476.jpg,cbos-source-assets/original/other/other_334_CBOS%20logo%20Black_6_476.jpg,45432,jpg,other,CATEGORY 1 — OFFICIAL / DOCUMENTARY ASSET,ar,,CBOS%20logo%20Black 6 476.jpg,ar_pub,Central Bank of Sudan Official Website Public Asset,PRESERVE,,PRESERVE
CBOS-AST-0335,https://cbos.gov.sd/sites/default/files/styles/publications_255_x_171/public/CBOS%20logo%20Black_6_460.jpg?itok=-znGUKIi,https://cbos.gov.sd/ar/periodicals-publications,CBOS%20logo%20Black_6_460.jpg,cbos-source-assets/original/other/other_335_CBOS%20logo%20Black_6_460.jpg,45432,jpg,other,CATEGORY 1 — OFFICIAL / DOCUMENTARY ASSET,ar,,CBOS%20logo%20Black 6 460.jpg,ar_pub,Central Bank of Sudan Official Website Public Asset,PRESERVE,,PRESERVE
CBOS-AST-0336,https://cbos.gov.sd/sites/default/files/styles/publications_255_x_171/public/CBOS%20logo%20Black_6_373.jpg?itok=gdawWFff,https://cbos.gov.sd/ar/periodicals-publications,CBOS%20logo%20Black_6_373.jpg,cbos-source-assets/original/other/other_336_CBOS%20logo%20Black_6_373.jpg,45432,jpg,other,CATEGORY 1 — OFFICIAL / DOCUMENTARY ASSET,ar,,CBOS%20logo%20Black 6 373.jpg,ar_pub,Central Bank of Sudan Official Website Public Asset,PRESERVE,,PRESERVE
CBOS-AST-0337,https://cbos.gov.sd/sites/default/files/styles/publications_255_x_171/public/CBOS%20logo%20Black_6_257.jpg?itok=fQ-wWOd-,https://cbos.gov.sd/ar/periodicals-publications,CBOS%20logo%20Black_6_257.jpg,cbos-source-assets/original/other/other_337_CBOS%20logo%20Black_6_257.jpg,45432,jpg,other,CATEGORY 1 — OFFICIAL / DOCUMENTARY ASSET,ar,,CBOS%20logo%20Black 6 257.jpg,ar_pub,Central Bank of Sudan Official Website Public Asset,PRESERVE,,PRESERVE
CBOS-AST-0338,https://cbos.gov.sd/sites/default/files/styles/publications_255_x_171/public/CBOS%20logo%20Black_6_557.jpg?itok=GAP9CihW,https://cbos.gov.sd/ar/periodicals-publications,CBOS%20logo%20Black_6_557.jpg,cbos-source-assets/original/other/other_338_CBOS%20logo%20Black_6_557.jpg,45432,jpg,other,CATEGORY 1 — OFFICIAL / DOCUMENTARY ASSET,ar,,CBOS%20logo%20Black 6 557.jpg,ar_pub,Central Bank of Sudan Official Website Public Asset,PRESERVE,,PRESERVE
CBOS-AST-0339,https://cbos.gov.sd/sites/default/files/styles/publications_255_x_171/public/CBOS%20logo%20Black_6_556.jpg?itok=vlqEVoGY,https://cbos.gov.sd/ar/periodicals-publications,CBOS%20logo%20Black_6_556.jpg,cbos-source-assets/original/other/other_339_CBOS%20logo%20Black_6_556.jpg,45432,jpg,other,CATEGORY 1 — OFFICIAL / DOCUMENTARY ASSET,ar,,CBOS%20logo%20Black 6 556.jpg,ar_pub,Central Bank of Sudan Official Website Public Asset,PRESERVE,,PRESERVE
CBOS-AST-0340,https://cbos.gov.sd/sites/default/files/styles/publications_255_x_171/public/CBOS%20logo%20Black_6_555.jpg?itok=7Lh7khFU,https://cbos.gov.sd/ar/periodicals-publications,CBOS%20logo%20Black_6_555.jpg,cbos-source-assets/original/other/other_340_CBOS%20logo%20Black_6_555.jpg,45432,jpg,other,CATEGORY 1 — OFFICIAL / DOCUMENTARY ASSET,ar,,CBOS%20logo%20Black 6 555.jpg,ar_pub,Central Bank of Sudan Official Website Public Asset,PRESERVE,,PRESERVE
CBOS-AST-0341,https://cbos.gov.sd/sites/default/files/styles/publications_255_x_171/public/CBOS%20logo%20Black_6_554.jpg?itok=cM_1COqL,https://cbos.gov.sd/ar/periodicals-publications,CBOS%20logo%20Black_6_554.jpg,cbos-source-assets/original/other/other_341_CBOS%20logo%20Black_6_554.jpg,45432,jpg,other,CATEGORY 1 — OFFICIAL / DOCUMENTARY ASSET,ar,,CBOS%20logo%20Black 6 554.jpg,ar_pub,Central Bank of Sudan Official Website Public Asset,PRESERVE,,PRESERVE
CBOS-AST-0342,https://cbos.gov.sd/sites/default/files/styles/publications_255_x_171/public/CBOS%20logo%20Black_6_553.jpg?itok=V3trY9nN,https://cbos.gov.sd/ar/periodicals-publications,CBOS%20logo%20Black_6_553.jpg,cbos-source-assets/original/other/other_342_CBOS%20logo%20Black_6_553.jpg,45432,jpg,other,CATEGORY 1 — OFFICIAL / DOCUMENTARY ASSET,ar,,CBOS%20logo%20Black 6 553.jpg,ar_pub,Central Bank of Sudan Official Website Public Asset,PRESERVE,,PRESERVE
CBOS-AST-0343,https://cbos.gov.sd/sites/default/files/styles/publications_255_x_171/public/CBOS%20logo%20Black_6_552.jpg?itok=hBABmsDE,https://cbos.gov.sd/ar/periodicals-publications,CBOS%20logo%20Black_6_552.jpg,cbos-source-assets/original/other/other_343_CBOS%20logo%20Black_6_552.jpg,45432,jpg,other,CATEGORY 1 — OFFICIAL / DOCUMENTARY ASSET,ar,,CBOS%20logo%20Black 6 552.jpg,ar_pub,Central Bank of Sudan Official Website Public Asset,PRESERVE,,PRESERVE
CBOS-AST-0344,https://cbos.gov.sd/sites/default/files/styles/publications_255_x_171/public/CBOS%20logo%20Black_6_551.jpg?itok=cqlBkvaq,https://cbos.gov.sd/ar/periodicals-publications,CBOS%20logo%20Black_6_551.jpg,cbos-source-assets/original/other/other_344_CBOS%20logo%20Black_6_551.jpg,45432,jpg,other,CATEGORY 1 — OFFICIAL / DOCUMENTARY ASSET,ar,,CBOS%20logo%20Black 6 551.jpg,ar_pub,Central Bank of Sudan Official Website Public Asset,PRESERVE,,PRESERVE
CBOS-AST-0345,https://cbos.gov.sd/sites/default/files/styles/publications_255_x_171/public/CBOS%20logo%20Black_6_550.jpg?itok=vTJWly-j,https://cbos.gov.sd/ar/periodicals-publications,CBOS%20logo%20Black_6_550.jpg,cbos-source-assets/original/other/other_345_CBOS%20logo%20Black_6_550.jpg,45432,jpg,other,CATEGORY 1 — OFFICIAL / DOCUMENTARY ASSET,ar,,CBOS%20logo%20Black 6 550.jpg,ar_pub,Central Bank of Sudan Official Website Public Asset,PRESERVE,,PRESERVE
CBOS-AST-0346,https://cbos.gov.sd/sites/default/files/styles/publications_255_x_171/public/CBOS%20logo%20Black_6_549.jpg?itok=y5y1G3bk,https://cbos.gov.sd/ar/periodicals-publications,CBOS%20logo%20Black_6_549.jpg,cbos-source-assets/original/other/other_346_CBOS%20logo%20Black_6_549.jpg,45432,jpg,other,CATEGORY 1 — OFFICIAL / DOCUMENTARY ASSET,ar,,CBOS%20logo%20Black 6 549.jpg,ar_pub,Central Bank of Sudan Official Website Public Asset,PRESERVE,,PRESERVE
CBOS-AST-0347,https://cbos.gov.sd/sites/default/files/styles/publications_255_x_171/public/CBOS%20logo%20Black_6_548.jpg?itok=vMvcDNDT,https://cbos.gov.sd/ar/periodicals-publications,CBOS%20logo%20Black_6_548.jpg,cbos-source-assets/original/other/other_347_CBOS%20logo%20Black_6_548.jpg,45432,jpg,other,CATEGORY 1 — OFFICIAL / DOCUMENTARY ASSET,ar,,CBOS%20logo%20Black 6 548.jpg,ar_pub,Central Bank of Sudan Official Website Public Asset,PRESERVE,,PRESERVE
CBOS-AST-0348,https://cbos.gov.sd/sites/default/files/styles/publications_255_x_171/public/CBOS%20logo%20Black_6_547.jpg?itok=OHjNPSdc,https://cbos.gov.sd/ar/periodicals-publications,CBOS%20logo%20Black_6_547.jpg,cbos-source-assets/original/other/other_348_CBOS%20logo%20Black_6_547.jpg,45432,jpg,other,CATEGORY 1 — OFFICIAL / DOCUMENTARY ASSET,ar,,CBOS%20logo%20Black 6 547.jpg,ar_pub,Central Bank of Sudan Official Website Public Asset,PRESERVE,,PRESERVE
CBOS-AST-0349,https://cbos.gov.sd/sites/default/files/styles/publications_255_x_171/public/CBOS%20logo%20Black_6_546.jpg?itok=TtNwDLIx,https://cbos.gov.sd/ar/periodicals-publications,CBOS%20logo%20Black_6_546.jpg,cbos-source-assets/original/other/other_349_CBOS%20logo%20Black_6_546.jpg,45432,jpg,other,CATEGORY 1 — OFFICIAL / DOCUMENTARY ASSET,ar,,CBOS%20logo%20Black 6 546.jpg,ar_pub,Central Bank of Sudan Official Website Public Asset,PRESERVE,,PRESERVE
CBOS-AST-0350,https://cbos.gov.sd/sites/default/files/styles/publications_255_x_171/public/CBOS%20logo%20Black_6_545.jpg?itok=f_BzTcOX,https://cbos.gov.sd/ar/periodicals-publications,CBOS%20logo%20Black_6_545.jpg,cbos-source-assets/original/other/other_350_CBOS%20logo%20Black_6_545.jpg,45432,jpg,other,CATEGORY 1 — OFFICIAL / DOCUMENTARY ASSET,ar,,CBOS%20logo%20Black 6 545.jpg,ar_pub,Central Bank of Sudan Official Website Public Asset,PRESERVE,,PRESERVE
CBOS-AST-0351,https://cbos.gov.sd/sites/default/files/styles/publications_255_x_171/public/CBOS%20logo%20Black_6_544.jpg?itok=cbvKu7gX,https://cbos.gov.sd/ar/periodicals-publications,CBOS%20logo%20Black_6_544.jpg,cbos-source-assets/original/other/other_351_CBOS%20logo%20Black_6_544.jpg,45432,jpg,other,CATEGORY 1 — OFFICIAL / DOCUMENTARY ASSET,ar,,CBOS%20logo%20Black 6 544.jpg,ar_pub,Central Bank of Sudan Official Website Public Asset,PRESERVE,,PRESERVE
CBOS-AST-0352,https://cbos.gov.sd/sites/default/files/styles/publications_255_x_171/public/CBOS%20logo%20Black_6_256_51.jpg?itok=qj0Wkqez,https://cbos.gov.sd/ar/periodicals-publications,CBOS%20logo%20Black_6_256_51.jpg,cbos-source-assets/original/other/other_352_CBOS%20logo%20Black_6_256_51.jpg,45432,jpg,other,CATEGORY 1 — OFFICIAL / DOCUMENTARY ASSET,ar,,CBOS%20logo%20Black 6 256 51.jpg,ar_pub,Central Bank of Sudan Official Website Public Asset,PRESERVE,,PRESERVE
CBOS-AST-0353,https://cbos.gov.sd/sites/default/files/styles/publications_255_x_171/public/CBOS%20logo%20Black_6_542.jpg?itok=S1l5dDDI,https://cbos.gov.sd/ar/periodicals-publications,CBOS%20logo%20Black_6_542.jpg,cbos-source-assets/original/other/other_353_CBOS%20logo%20Black_6_542.jpg,45432,jpg,other,CATEGORY 1 — OFFICIAL / DOCUMENTARY ASSET,ar,,CBOS%20logo%20Black 6 542.jpg,ar_pub,Central Bank of Sudan Official Website Public Asset,PRESERVE,,PRESERVE
CBOS-AST-0354,https://cbos.gov.sd/sites/default/files/styles/publications_255_x_171/public/CBOS%20logo%20Black_6_541.jpg?itok=xCsNxVns,https://cbos.gov.sd/ar/periodicals-publications,CBOS%20logo%20Black_6_541.jpg,cbos-source-assets/original/other/other_354_CBOS%20logo%20Black_6_541.jpg,45432,jpg,other,CATEGORY 1 — OFFICIAL / DOCUMENTARY ASSET,ar,,CBOS%20logo%20Black 6 541.jpg,ar_pub,Central Bank of Sudan Official Website Public Asset,PRESERVE,,PRESERVE
CBOS-AST-0355,https://cbos.gov.sd/sites/default/files/styles/publications_255_x_171/public/CBOS%20logo%20Black_6_540.jpg?itok=QOHIa0da,https://cbos.gov.sd/ar/periodicals-publications,CBOS%20logo%20Black_6_540.jpg,cbos-source-assets/original/other/other_355_CBOS%20logo%20Black_6_540.jpg,45432,jpg,other,CATEGORY 1 — OFFICIAL / DOCUMENTARY ASSET,ar,,CBOS%20logo%20Black 6 540.jpg,ar_pub,Central Bank of Sudan Official Website Public Asset,PRESERVE,,PRESERVE
CBOS-AST-0356,https://cbos.gov.sd/sites/default/files/styles/publications_255_x_171/public/CBOS%20logo%20Black_6_539.jpg?itok=Qd7eTeW6,https://cbos.gov.sd/ar/periodicals-publications,CBOS%20logo%20Black_6_539.jpg,cbos-source-assets/original/other/other_356_CBOS%20logo%20Black_6_539.jpg,45432,jpg,other,CATEGORY 1 — OFFICIAL / DOCUMENTARY ASSET,ar,,CBOS%20logo%20Black 6 539.jpg,ar_pub,Central Bank of Sudan Official Website Public Asset,PRESERVE,,PRESERVE
CBOS-AST-0357,https://cbos.gov.sd/sites/default/files/styles/publications_255_x_171/public/CBOS%20logo%20Black_6_538.jpg?itok=HijkwtLf,https://cbos.gov.sd/ar/periodicals-publications,CBOS%20logo%20Black_6_538.jpg,cbos-source-assets/original/other/other_357_CBOS%20logo%20Black_6_538.jpg,45432,jpg,other,CATEGORY 1 — OFFICIAL / DOCUMENTARY ASSET,ar,,CBOS%20logo%20Black 6 538.jpg,ar_pub,Central Bank of Sudan Official Website Public Asset,PRESERVE,,PRESERVE
CBOS-AST-0358,https://cbos.gov.sd/sites/default/files/styles/publications_255_x_171/public/CBOS%20logo%20Black_6_537.jpg?itok=jSO_6cqF,https://cbos.gov.sd/ar/periodicals-publications,CBOS%20logo%20Black_6_537.jpg,cbos-source-assets/original/other/other_358_CBOS%20logo%20Black_6_537.jpg,45432,jpg,other,CATEGORY 1 — OFFICIAL / DOCUMENTARY ASSET,ar,,CBOS%20logo%20Black 6 537.jpg,ar_pub,Central Bank of Sudan Official Website Public Asset,PRESERVE,,PRESERVE
CBOS-AST-0359,https://cbos.gov.sd/sites/default/files/styles/publications_255_x_171/public/CBOS%20logo%20Black_6_536.jpg?itok=e67gN7Bq,https://cbos.gov.sd/ar/periodicals-publications,CBOS%20logo%20Black_6_536.jpg,cbos-source-assets/original/other/other_359_CBOS%20logo%20Black_6_536.jpg,45432,jpg,other,CATEGORY 1 — OFFICIAL / DOCUMENTARY ASSET,ar,,CBOS%20logo%20Black 6 536.jpg,ar_pub,Central Bank of Sudan Official Website Public Asset,PRESERVE,,PRESERVE
CBOS-AST-0360,https://cbos.gov.sd/sites/default/files/styles/publications_255_x_171/public/CBOS%20logo%20Black_6_535.jpg?itok=UysOZ0KR,https://cbos.gov.sd/ar/periodicals-publications,CBOS%20logo%20Black_6_535.jpg,cbos-source-assets/original/other/other_360_CBOS%20logo%20Black_6_535.jpg,45432,jpg,other,CATEGORY 1 — OFFICIAL / DOCUMENTARY ASSET,ar,,CBOS%20logo%20Black 6 535.jpg,ar_pub,Central Bank of Sudan Official Website Public Asset,PRESERVE,,PRESERVE
CBOS-AST-0361,https://cbos.gov.sd/sites/default/files/styles/publications_255_x_171/public/CBOS%20logo%20Black_6_534.jpg?itok=GlcqXdpy,https://cbos.gov.sd/ar/periodicals-publications,CBOS%20logo%20Black_6_534.jpg,cbos-source-assets/original/other/other_361_CBOS%20logo%20Black_6_534.jpg,45432,jpg,other,CATEGORY 1 — OFFICIAL / DOCUMENTARY ASSET,ar,,CBOS%20logo%20Black 6 534.jpg,ar_pub,Central Bank of Sudan Official Website Public Asset,PRESERVE,,PRESERVE
CBOS-AST-0362,https://cbos.gov.sd/sites/default/files/styles/publications_255_x_171/public/CBOS%20logo%20Black_6_533.jpg?itok=sJ2_-SKv,https://cbos.gov.sd/ar/periodicals-publications,CBOS%20logo%20Black_6_533.jpg,cbos-source-assets/original/other/other_362_CBOS%20logo%20Black_6_533.jpg,45432,jpg,other,CATEGORY 1 — OFFICIAL / DOCUMENTARY ASSET,ar,,CBOS%20logo%20Black 6 533.jpg,ar_pub,Central Bank of Sudan Official Website Public Asset,PRESERVE,,PRESERVE
CBOS-AST-0363,https://cbos.gov.sd/sites/default/files/styles/publications_255_x_171/public/CBOS%20logo%20Black_6_532.jpg?itok=ksNatMW2,https://cbos.gov.sd/ar/periodicals-publications,CBOS%20logo%20Black_6_532.jpg,cbos-source-assets/original/other/other_363_CBOS%20logo%20Black_6_532.jpg,45432,jpg,other,CATEGORY 1 — OFFICIAL / DOCUMENTARY ASSET,ar,,CBOS%20logo%20Black 6 532.jpg,ar_pub,Central Bank of Sudan Official Website Public Asset,PRESERVE,,PRESERVE
CBOS-AST-0364,https://cbos.gov.sd/sites/default/files/styles/publications_255_x_171/public/CBOS%20logo%20Black_6_531.jpg?itok=BE6Ijgwv,https://cbos.gov.sd/ar/periodicals-publications,CBOS%20logo%20Black_6_531.jpg,cbos-source-assets/original/other/other_364_CBOS%20logo%20Black_6_531.jpg,45432,jpg,other,CATEGORY 1 — OFFICIAL / DOCUMENTARY ASSET,ar,,CBOS%20logo%20Black 6 531.jpg,ar_pub,Central Bank of Sudan Official Website Public Asset,PRESERVE,,PRESERVE
CBOS-AST-0365,https://cbos.gov.sd/sites/default/files/styles/publications_255_x_171/public/CBOS%20logo%20Black_6_530.jpg?itok=XWXKsUtu,https://cbos.gov.sd/ar/periodicals-publications,CBOS%20logo%20Black_6_530.jpg,cbos-source-assets/original/other/other_365_CBOS%20logo%20Black_6_530.jpg,45432,jpg,other,CATEGORY 1 — OFFICIAL / DOCUMENTARY ASSET,ar,,CBOS%20logo%20Black 6 530.jpg,ar_pub,Central Bank of Sudan Official Website Public Asset,PRESERVE,,PRESERVE
CBOS-AST-0366,https://cbos.gov.sd/sites/default/files/styles/publications_255_x_171/public/CBOS%20logo%20Black_6_529.jpg?itok=_cnEmeUK,https://cbos.gov.sd/ar/periodicals-publications,CBOS%20logo%20Black_6_529.jpg,cbos-source-assets/original/other/other_366_CBOS%20logo%20Black_6_529.jpg,45432,jpg,other,CATEGORY 1 — OFFICIAL / DOCUMENTARY ASSET,ar,,CBOS%20logo%20Black 6 529.jpg,ar_pub,Central Bank of Sudan Official Website Public Asset,PRESERVE,,PRESERVE
CBOS-AST-0367,https://cbos.gov.sd/sites/default/files/styles/publications_255_x_171/public/CBOS%20logo%20Black_6_528.jpg?itok=H8mHbcHC,https://cbos.gov.sd/ar/periodicals-publications,CBOS%20logo%20Black_6_528.jpg,cbos-source-assets/original/other/other_367_CBOS%20logo%20Black_6_528.jpg,45432,jpg,other,CATEGORY 1 — OFFICIAL / DOCUMENTARY ASSET,ar,,CBOS%20logo%20Black 6 528.jpg,ar_pub,Central Bank of Sudan Official Website Public Asset,PRESERVE,,PRESERVE
CBOS-AST-0368,https://cbos.gov.sd/sites/default/files/styles/publications_255_x_171/public/CBOS%20logo%20Black_6_527.jpg?itok=0qNrM_ON,https://cbos.gov.sd/ar/periodicals-publications,CBOS%20logo%20Black_6_527.jpg,cbos-source-assets/original/other/other_368_CBOS%20logo%20Black_6_527.jpg,45432,jpg,other,CATEGORY 1 — OFFICIAL / DOCUMENTARY ASSET,ar,,CBOS%20logo%20Black 6 527.jpg,ar_pub,Central Bank of Sudan Official Website Public Asset,PRESERVE,,PRESERVE
CBOS-AST-0369,https://cbos.gov.sd/sites/default/files/styles/publications_255_x_171/public/CBOS%20logo%20Black_6_526.jpg?itok=N3kSQoqH,https://cbos.gov.sd/ar/periodicals-publications,CBOS%20logo%20Black_6_526.jpg,cbos-source-assets/original/other/other_369_CBOS%20logo%20Black_6_526.jpg,45432,jpg,other,CATEGORY 1 — OFFICIAL / DOCUMENTARY ASSET,ar,,CBOS%20logo%20Black 6 526.jpg,ar_pub,Central Bank of Sudan Official Website Public Asset,PRESERVE,,PRESERVE
CBOS-AST-0370,https://cbos.gov.sd/sites/default/files/styles/publications_255_x_171/public/CBOS%20logo%20Black_6_525.jpg?itok=nnAzZzNF,https://cbos.gov.sd/ar/periodicals-publications,CBOS%20logo%20Black_6_525.jpg,cbos-source-assets/original/other/other_370_CBOS%20logo%20Black_6_525.jpg,45432,jpg,other,CATEGORY 1 — OFFICIAL / DOCUMENTARY ASSET,ar,,CBOS%20logo%20Black 6 525.jpg,ar_pub,Central Bank of Sudan Official Website Public Asset,PRESERVE,,PRESERVE
CBOS-AST-0371,https://cbos.gov.sd/sites/default/files/styles/publications_255_x_171/public/CBOS%20logo%20Black_6_524.jpg?itok=gmTAe-bW,https://cbos.gov.sd/ar/periodicals-publications,CBOS%20logo%20Black_6_524.jpg,cbos-source-assets/original/other/other_371_CBOS%20logo%20Black_6_524.jpg,45432,jpg,other,CATEGORY 1 — OFFICIAL / DOCUMENTARY ASSET,ar,,CBOS%20logo%20Black 6 524.jpg,ar_pub,Central Bank of Sudan Official Website Public Asset,PRESERVE,,PRESERVE
CBOS-AST-0372,https://cbos.gov.sd/sites/default/files/styles/publications_255_x_171/public/CBOS%20logo%20Black_6_523.jpg?itok=SWs6YW_Y,https://cbos.gov.sd/ar/periodicals-publications,CBOS%20logo%20Black_6_523.jpg,cbos-source-assets/original/other/other_372_CBOS%20logo%20Black_6_523.jpg,45432,jpg,other,CATEGORY 1 — OFFICIAL / DOCUMENTARY ASSET,ar,,CBOS%20logo%20Black 6 523.jpg,ar_pub,Central Bank of Sudan Official Website Public Asset,PRESERVE,,PRESERVE
CBOS-AST-0373,https://cbos.gov.sd/sites/default/files/styles/publications_255_x_171/public/CBOS%20logo%20Black_6_522.jpg?itok=8lymn4J8,https://cbos.gov.sd/ar/periodicals-publications,CBOS%20logo%20Black_6_522.jpg,cbos-source-assets/original/other/other_373_CBOS%20logo%20Black_6_522.jpg,45432,jpg,other,CATEGORY 1 — OFFICIAL / DOCUMENTARY ASSET,ar,,CBOS%20logo%20Black 6 522.jpg,ar_pub,Central Bank of Sudan Official Website Public Asset,PRESERVE,,PRESERVE
CBOS-AST-0374,https://cbos.gov.sd/sites/default/files/styles/publications_255_x_171/public/CBOS%20logo%20Black_6_521.jpg?itok=B8nAj8FW,https://cbos.gov.sd/ar/periodicals-publications,CBOS%20logo%20Black_6_521.jpg,cbos-source-assets/original/other/other_374_CBOS%20logo%20Black_6_521.jpg,45432,jpg,other,CATEGORY 1 — OFFICIAL / DOCUMENTARY ASSET,ar,,CBOS%20logo%20Black 6 521.jpg,ar_pub,Central Bank of Sudan Official Website Public Asset,PRESERVE,,PRESERVE
CBOS-AST-0375,https://cbos.gov.sd/sites/default/files/styles/publications_255_x_171/public/CBOS%20logo%20Black_6_520.jpg?itok=oDYNg7Vx,https://cbos.gov.sd/ar/periodicals-publications,CBOS%20logo%20Black_6_520.jpg,cbos-source-assets/original/other/other_375_CBOS%20logo%20Black_6_520.jpg,45432,jpg,other,CATEGORY 1 — OFFICIAL / DOCUMENTARY ASSET,ar,,CBOS%20logo%20Black 6 520.jpg,ar_pub,Central Bank of Sudan Official Website Public Asset,PRESERVE,,PRESERVE
CBOS-AST-0376,https://cbos.gov.sd/sites/default/files/styles/publications_255_x_171/public/CBOS%20logo%20Black_6_519.jpg?itok=-19VLrJN,https://cbos.gov.sd/ar/periodicals-publications,CBOS%20logo%20Black_6_519.jpg,cbos-source-assets/original/other/other_376_CBOS%20logo%20Black_6_519.jpg,45432,jpg,other,CATEGORY 1 — OFFICIAL / DOCUMENTARY ASSET,ar,,CBOS%20logo%20Black 6 519.jpg,ar_pub,Central Bank of Sudan Official Website Public Asset,PRESERVE,,PRESERVE
CBOS-AST-0377,https://cbos.gov.sd/sites/default/files/styles/publications_255_x_171/public/CBOS%20logo%20Black_6_518.jpg?itok=c4FeogHF,https://cbos.gov.sd/ar/periodicals-publications,CBOS%20logo%20Black_6_518.jpg,cbos-source-assets/original/other/other_377_CBOS%20logo%20Black_6_518.jpg,45432,jpg,other,CATEGORY 1 — OFFICIAL / DOCUMENTARY ASSET,ar,,CBOS%20logo%20Black 6 518.jpg,ar_pub,Central Bank of Sudan Official Website Public Asset,PRESERVE,,PRESERVE
CBOS-AST-0378,https://cbos.gov.sd/sites/default/files/styles/publications_255_x_171/public/CBOS%20logo%20Black_6_517.jpg?itok=_XnCc13j,https://cbos.gov.sd/ar/periodicals-publications,CBOS%20logo%20Black_6_517.jpg,cbos-source-assets/original/other/other_378_CBOS%20logo%20Black_6_517.jpg,45432,jpg,other,CATEGORY 1 — OFFICIAL / DOCUMENTARY ASSET,ar,,CBOS%20logo%20Black 6 517.jpg,ar_pub,Central Bank of Sudan Official Website Public Asset,PRESERVE,,PRESERVE
CBOS-AST-0379,https://cbos.gov.sd/sites/default/files/styles/publications_255_x_171/public/CBOS%20logo%20Black_6_516.jpg?itok=psJlp_uB,https://cbos.gov.sd/ar/periodicals-publications,CBOS%20logo%20Black_6_516.jpg,cbos-source-assets/original/other/other_379_CBOS%20logo%20Black_6_516.jpg,45432,jpg,other,CATEGORY 1 — OFFICIAL / DOCUMENTARY ASSET,ar,,CBOS%20logo%20Black 6 516.jpg,ar_pub,Central Bank of Sudan Official Website Public Asset,PRESERVE,,PRESERVE
CBOS-AST-0380,https://cbos.gov.sd/sites/default/files/styles/publications_255_x_171/public/CBOS%20logo%20Black_6_515.jpg?itok=fuGmjovR,https://cbos.gov.sd/ar/periodicals-publications,CBOS%20logo%20Black_6_515.jpg,cbos-source-assets/original/other/other_380_CBOS%20logo%20Black_6_515.jpg,45432,jpg,other,CATEGORY 1 — OFFICIAL / DOCUMENTARY ASSET,ar,,CBOS%20logo%20Black 6 515.jpg,ar_pub,Central Bank of Sudan Official Website Public Asset,PRESERVE,,PRESERVE
CBOS-AST-0381,https://cbos.gov.sd/sites/default/files/styles/publications_255_x_171/public/CBOS%20logo%20Black_6_514.jpg?itok=c_c1Pmip,https://cbos.gov.sd/ar/periodicals-publications,CBOS%20logo%20Black_6_514.jpg,cbos-source-assets/original/other/other_381_CBOS%20logo%20Black_6_514.jpg,45432,jpg,other,CATEGORY 1 — OFFICIAL / DOCUMENTARY ASSET,ar,,CBOS%20logo%20Black 6 514.jpg,ar_pub,Central Bank of Sudan Official Website Public Asset,PRESERVE,,PRESERVE
CBOS-AST-0382,https://cbos.gov.sd/sites/default/files/styles/publications_255_x_171/public/CBOS%20logo%20Black_6_513.jpg?itok=XSffdwwh,https://cbos.gov.sd/ar/periodicals-publications,CBOS%20logo%20Black_6_513.jpg,cbos-source-assets/original/other/other_382_CBOS%20logo%20Black_6_513.jpg,45432,jpg,other,CATEGORY 1 — OFFICIAL / DOCUMENTARY ASSET,ar,,CBOS%20logo%20Black 6 513.jpg,ar_pub,Central Bank of Sudan Official Website Public Asset,PRESERVE,,PRESERVE
CBOS-AST-0383,https://cbos.gov.sd/sites/default/files/styles/publications_255_x_171/public/CBOS%20logo%20Black_6_512.jpg?itok=dL24dT1T,https://cbos.gov.sd/ar/periodicals-publications,CBOS%20logo%20Black_6_512.jpg,cbos-source-assets/original/other/other_383_CBOS%20logo%20Black_6_512.jpg,45432,jpg,other,CATEGORY 1 — OFFICIAL / DOCUMENTARY ASSET,ar,,CBOS%20logo%20Black 6 512.jpg,ar_pub,Central Bank of Sudan Official Website Public Asset,PRESERVE,,PRESERVE
CBOS-AST-0384,https://cbos.gov.sd/sites/default/files/styles/publications_255_x_171/public/CBOS%20logo%20Black_6_511.jpg?itok=RAx-S9EZ,https://cbos.gov.sd/ar/periodicals-publications,CBOS%20logo%20Black_6_511.jpg,cbos-source-assets/original/other/other_384_CBOS%20logo%20Black_6_511.jpg,45432,jpg,other,CATEGORY 1 — OFFICIAL / DOCUMENTARY ASSET,ar,,CBOS%20logo%20Black 6 511.jpg,ar_pub,Central Bank of Sudan Official Website Public Asset,PRESERVE,,PRESERVE
CBOS-AST-0385,https://cbos.gov.sd/sites/default/files/styles/publications_255_x_171/public/CBOS%20logo%20Black_6_510.jpg?itok=bmPIoRYP,https://cbos.gov.sd/ar/periodicals-publications,CBOS%20logo%20Black_6_510.jpg,cbos-source-assets/original/other/other_385_CBOS%20logo%20Black_6_510.jpg,45432,jpg,other,CATEGORY 1 — OFFICIAL / DOCUMENTARY ASSET,ar,,CBOS%20logo%20Black 6 510.jpg,ar_pub,Central Bank of Sudan Official Website Public Asset,PRESERVE,,PRESERVE
CBOS-AST-0386,https://cbos.gov.sd/sites/default/files/styles/publications_255_x_171/public/CBOS%20logo%20Black_6_509.jpg?itok=2fiYEKka,https://cbos.gov.sd/ar/periodicals-publications,CBOS%20logo%20Black_6_509.jpg,cbos-source-assets/original/other/other_386_CBOS%20logo%20Black_6_509.jpg,45432,jpg,other,CATEGORY 1 — OFFICIAL / DOCUMENTARY ASSET,ar,,CBOS%20logo%20Black 6 509.jpg,ar_pub,Central Bank of Sudan Official Website Public Asset,PRESERVE,,PRESERVE
CBOS-AST-0387,https://cbos.gov.sd/sites/default/files/styles/publications_255_x_171/public/CBOS%20logo%20Black_6_508.jpg?itok=d2ZGSIJW,https://cbos.gov.sd/ar/periodicals-publications,CBOS%20logo%20Black_6_508.jpg,cbos-source-assets/original/other/other_387_CBOS%20logo%20Black_6_508.jpg,45432,jpg,other,CATEGORY 1 — OFFICIAL / DOCUMENTARY ASSET,ar,,CBOS%20logo%20Black 6 508.jpg,ar_pub,Central Bank of Sudan Official Website Public Asset,PRESERVE,,PRESERVE
CBOS-AST-0388,https://cbos.gov.sd/sites/default/files/styles/publications_255_x_171/public/CBOS%20logo%20Black_6_507.jpg?itok=qejqox5s,https://cbos.gov.sd/ar/periodicals-publications,CBOS%20logo%20Black_6_507.jpg,cbos-source-assets/original/other/other_388_CBOS%20logo%20Black_6_507.jpg,45432,jpg,other,CATEGORY 1 — OFFICIAL / DOCUMENTARY ASSET,ar,,CBOS%20logo%20Black 6 507.jpg,ar_pub,Central Bank of Sudan Official Website Public Asset,PRESERVE,,PRESERVE
CBOS-AST-0389,https://cbos.gov.sd/sites/default/files/styles/publications_255_x_171/public/CBOS%20logo%20Black_6_506.jpg?itok=d0trmZj_,https://cbos.gov.sd/ar/periodicals-publications,CBOS%20logo%20Black_6_506.jpg,cbos-source-assets/original/other/other_389_CBOS%20logo%20Black_6_506.jpg,45432,jpg,other,CATEGORY 1 — OFFICIAL / DOCUMENTARY ASSET,ar,,CBOS%20logo%20Black 6 506.jpg,ar_pub,Central Bank of Sudan Official Website Public Asset,PRESERVE,,PRESERVE
CBOS-AST-0390,https://cbos.gov.sd/sites/default/files/styles/publications_255_x_171/public/CBOS%20logo%20Black_6_505.jpg?itok=Ohhb5Dg0,https://cbos.gov.sd/ar/periodicals-publications,CBOS%20logo%20Black_6_505.jpg,cbos-source-assets/original/other/other_390_CBOS%20logo%20Black_6_505.jpg,45432,jpg,other,CATEGORY 1 — OFFICIAL / DOCUMENTARY ASSET,ar,,CBOS%20logo%20Black 6 505.jpg,ar_pub,Central Bank of Sudan Official Website Public Asset,PRESERVE,,PRESERVE
CBOS-AST-0391,https://cbos.gov.sd/sites/default/files/styles/publications_255_x_171/public/CBOS%20logo%20Black_6_504.jpg?itok=9PTQxXoW,https://cbos.gov.sd/ar/periodicals-publications,CBOS%20logo%20Black_6_504.jpg,cbos-source-assets/original/other/other_391_CBOS%20logo%20Black_6_504.jpg,45432,jpg,other,CATEGORY 1 — OFFICIAL / DOCUMENTARY ASSET,ar,,CBOS%20logo%20Black 6 504.jpg,ar_pub,Central Bank of Sudan Official Website Public Asset,PRESERVE,,PRESERVE
CBOS-AST-0392,https://cbos.gov.sd/sites/default/files/styles/publications_255_x_171/public/CBOS%20logo%20Black_6_503.jpg?itok=9Ny1An0t,https://cbos.gov.sd/ar/periodicals-publications,CBOS%20logo%20Black_6_503.jpg,cbos-source-assets/original/other/other_392_CBOS%20logo%20Black_6_503.jpg,45432,jpg,other,CATEGORY 1 — OFFICIAL / DOCUMENTARY ASSET,ar,,CBOS%20logo%20Black 6 503.jpg,ar_pub,Central Bank of Sudan Official Website Public Asset,PRESERVE,,PRESERVE
CBOS-AST-0393,https://cbos.gov.sd/sites/default/files/styles/publications_255_x_171/public/CBOS%20logo%20Black_6_502.jpg?itok=FYZ3jh3n,https://cbos.gov.sd/ar/periodicals-publications,CBOS%20logo%20Black_6_502.jpg,cbos-source-assets/original/other/other_393_CBOS%20logo%20Black_6_502.jpg,45432,jpg,other,CATEGORY 1 — OFFICIAL / DOCUMENTARY ASSET,ar,,CBOS%20logo%20Black 6 502.jpg,ar_pub,Central Bank of Sudan Official Website Public Asset,PRESERVE,,PRESERVE
CBOS-AST-0394,https://cbos.gov.sd/sites/default/files/styles/publications_255_x_171/public/CBOS%20logo%20Black_6_501.jpg?itok=JZ-RPDpe,https://cbos.gov.sd/ar/periodicals-publications,CBOS%20logo%20Black_6_501.jpg,cbos-source-assets/original/other/other_394_CBOS%20logo%20Black_6_501.jpg,45432,jpg,other,CATEGORY 1 — OFFICIAL / DOCUMENTARY ASSET,ar,,CBOS%20logo%20Black 6 501.jpg,ar_pub,Central Bank of Sudan Official Website Public Asset,PRESERVE,,PRESERVE
CBOS-AST-0395,https://cbos.gov.sd/sites/default/files/styles/publications_255_x_171/public/CBOS%20logo%20Black_6_500.jpg?itok=5jvv_zt1,https://cbos.gov.sd/ar/periodicals-publications,CBOS%20logo%20Black_6_500.jpg,cbos-source-assets/original/other/other_395_CBOS%20logo%20Black_6_500.jpg,45432,jpg,other,CATEGORY 1 — OFFICIAL / DOCUMENTARY ASSET,ar,,CBOS%20logo%20Black 6 500.jpg,ar_pub,Central Bank of Sudan Official Website Public Asset,PRESERVE,,PRESERVE
CBOS-AST-0396,https://cbos.gov.sd/sites/default/files/styles/publications_255_x_171/public/CBOS%20logo%20Black_6_499.jpg?itok=mCdJFJ5d,https://cbos.gov.sd/ar/periodicals-publications,CBOS%20logo%20Black_6_499.jpg,cbos-source-assets/original/other/other_396_CBOS%20logo%20Black_6_499.jpg,45432,jpg,other,CATEGORY 1 — OFFICIAL / DOCUMENTARY ASSET,ar,,CBOS%20logo%20Black 6 499.jpg,ar_pub,Central Bank of Sudan Official Website Public Asset,PRESERVE,,PRESERVE
CBOS-AST-0397,https://cbos.gov.sd/sites/default/files/styles/publications_255_x_171/public/CBOS%20logo%20Black_6_498.jpg?itok=4cXLiXMS,https://cbos.gov.sd/ar/periodicals-publications,CBOS%20logo%20Black_6_498.jpg,cbos-source-assets/original/other/other_397_CBOS%20logo%20Black_6_498.jpg,45432,jpg,other,CATEGORY 1 — OFFICIAL / DOCUMENTARY ASSET,ar,,CBOS%20logo%20Black 6 498.jpg,ar_pub,Central Bank of Sudan Official Website Public Asset,PRESERVE,,PRESERVE
CBOS-AST-0398,https://cbos.gov.sd/sites/default/files/styles/publications_255_x_171/public/CBOS%20logo%20Black_6_497.jpg?itok=XFn5jy-y,https://cbos.gov.sd/ar/periodicals-publications,CBOS%20logo%20Black_6_497.jpg,cbos-source-assets/original/other/other_398_CBOS%20logo%20Black_6_497.jpg,45432,jpg,other,CATEGORY 1 — OFFICIAL / DOCUMENTARY ASSET,ar,,CBOS%20logo%20Black 6 497.jpg,ar_pub,Central Bank of Sudan Official Website Public Asset,PRESERVE,,PRESERVE
CBOS-AST-0399,https://cbos.gov.sd/sites/default/files/styles/publications_255_x_171/public/CBOS%20logo%20Black_6_496.jpg?itok=nU8Lp0Jd,https://cbos.gov.sd/ar/periodicals-publications,CBOS%20logo%20Black_6_496.jpg,cbos-source-assets/original/other/other_399_CBOS%20logo%20Black_6_496.jpg,45432,jpg,other,CATEGORY 1 — OFFICIAL / DOCUMENTARY ASSET,ar,,CBOS%20logo%20Black 6 496.jpg,ar_pub,Central Bank of Sudan Official Website Public Asset,PRESERVE,,PRESERVE
CBOS-AST-0400,https://cbos.gov.sd/sites/default/files/styles/publications_255_x_171/public/CBOS%20logo%20Black_6_495.jpg?itok=olYGeus0,https://cbos.gov.sd/ar/periodicals-publications,CBOS%20logo%20Black_6_495.jpg,cbos-source-assets/original/other/other_400_CBOS%20logo%20Black_6_495.jpg,45432,jpg,other,CATEGORY 1 — OFFICIAL / DOCUMENTARY ASSET,ar,,CBOS%20logo%20Black 6 495.jpg,ar_pub,Central Bank of Sudan Official Website Public Asset,PRESERVE,,PRESERVE
CBOS-AST-0401,https://cbos.gov.sd/sites/default/files/styles/publications_255_x_171/public/CBOS%20logo%20Black_6_494.jpg?itok=ERnyFdbz,https://cbos.gov.sd/ar/periodicals-publications,CBOS%20logo%20Black_6_494.jpg,cbos-source-assets/original/other/other_401_CBOS%20logo%20Black_6_494.jpg,45432,jpg,other,CATEGORY 1 — OFFICIAL / DOCUMENTARY ASSET,ar,,CBOS%20logo%20Black 6 494.jpg,ar_pub,Central Bank of Sudan Official Website Public Asset,PRESERVE,,PRESERVE
CBOS-AST-0402,https://cbos.gov.sd/sites/default/files/styles/publications_255_x_171/public/CBOS%20logo%20Black_6_493.jpg?itok=QXbySZyw,https://cbos.gov.sd/ar/periodicals-publications,CBOS%20logo%20Black_6_493.jpg,cbos-source-assets/original/other/other_402_CBOS%20logo%20Black_6_493.jpg,45432,jpg,other,CATEGORY 1 — OFFICIAL / DOCUMENTARY ASSET,ar,,CBOS%20logo%20Black 6 493.jpg,ar_pub,Central Bank of Sudan Official Website Public Asset,PRESERVE,,PRESERVE
CBOS-AST-0403,https://cbos.gov.sd/sites/default/files/styles/publications_255_x_171/public/CBOS%20logo%20Black_6_492.jpg?itok=lxIsbdP-,https://cbos.gov.sd/ar/periodicals-publications,CBOS%20logo%20Black_6_492.jpg,cbos-source-assets/original/other/other_403_CBOS%20logo%20Black_6_492.jpg,45432,jpg,other,CATEGORY 1 — OFFICIAL / DOCUMENTARY ASSET,ar,,CBOS%20logo%20Black 6 492.jpg,ar_pub,Central Bank of Sudan Official Website Public Asset,PRESERVE,,PRESERVE
CBOS-AST-0404,https://cbos.gov.sd/sites/default/files/styles/publications_255_x_171/public/CBOS%20logo%20Black_6_491.jpg?itok=AicPc7FX,https://cbos.gov.sd/ar/periodicals-publications,CBOS%20logo%20Black_6_491.jpg,cbos-source-assets/original/other/other_404_CBOS%20logo%20Black_6_491.jpg,45432,jpg,other,CATEGORY 1 — OFFICIAL / DOCUMENTARY ASSET,ar,,CBOS%20logo%20Black 6 491.jpg,ar_pub,Central Bank of Sudan Official Website Public Asset,PRESERVE,,PRESERVE
CBOS-AST-0405,https://cbos.gov.sd/sites/default/files/styles/publications_255_x_171/public/CBOS%20logo%20Black_6_256_31.jpg?itok=-edHXmHi,https://cbos.gov.sd/ar/periodicals-publications,CBOS%20logo%20Black_6_256_31.jpg,cbos-source-assets/original/other/other_405_CBOS%20logo%20Black_6_256_31.jpg,45432,jpg,other,CATEGORY 1 — OFFICIAL / DOCUMENTARY ASSET,ar,,CBOS%20logo%20Black 6 256 31.jpg,ar_pub,Central Bank of Sudan Official Website Public Asset,PRESERVE,,PRESERVE
CBOS-AST-0406,https://cbos.gov.sd/sites/default/files/styles/publications_255_x_171/public/CBOS%20logo%20Black_6_340.jpg?itok=Dlm2pB-4,https://cbos.gov.sd/ar/periodicals-publications,CBOS%20logo%20Black_6_340.jpg,cbos-source-assets/original/other/other_406_CBOS%20logo%20Black_6_340.jpg,45432,jpg,other,CATEGORY 1 — OFFICIAL / DOCUMENTARY ASSET,ar,,CBOS%20logo%20Black 6 340.jpg,ar_pub,Central Bank of Sudan Official Website Public Asset,PRESERVE,,PRESERVE
CBOS-AST-0407,https://cbos.gov.sd/sites/default/files/styles/publications_255_x_171/public/CBOS%20logo%20Black_6_275.jpg?itok=tH8RMiO2,https://cbos.gov.sd/ar/periodicals-publications,CBOS%20logo%20Black_6_275.jpg,cbos-source-assets/original/other/other_407_CBOS%20logo%20Black_6_275.jpg,45432,jpg,other,CATEGORY 1 — OFFICIAL / DOCUMENTARY ASSET,ar,,CBOS%20logo%20Black 6 275.jpg,ar_pub,Central Bank of Sudan Official Website Public Asset,PRESERVE,,PRESERVE
CBOS-AST-0408,https://cbos.gov.sd/sites/default/files/styles/publications_255_x_171/public/CBOS%20logo%20Black_6_274.jpg?itok=TnA9AJkt,https://cbos.gov.sd/ar/periodicals-publications,CBOS%20logo%20Black_6_274.jpg,cbos-source-assets/original/other/other_408_CBOS%20logo%20Black_6_274.jpg,45432,jpg,other,CATEGORY 1 — OFFICIAL / DOCUMENTARY ASSET,ar,,CBOS%20logo%20Black 6 274.jpg,ar_pub,Central Bank of Sudan Official Website Public Asset,PRESERVE,,PRESERVE
CBOS-AST-0409,https://cbos.gov.sd/sites/default/files/styles/publications_255_x_171/public/CBOS%20logo%20Black_6_273.jpg?itok=_iVL_HOK,https://cbos.gov.sd/ar/periodicals-publications,CBOS%20logo%20Black_6_273.jpg,cbos-source-assets/original/other/other_409_CBOS%20logo%20Black_6_273.jpg,45432,jpg,other,CATEGORY 1 — OFFICIAL / DOCUMENTARY ASSET,ar,,CBOS%20logo%20Black 6 273.jpg,ar_pub,Central Bank of Sudan Official Website Public Asset,PRESERVE,,PRESERVE
CBOS-AST-0410,https://cbos.gov.sd/sites/default/files/styles/publications_255_x_171/public/CBOS%20logo%20Black_6_272.jpg?itok=ln1gSWad,https://cbos.gov.sd/ar/periodicals-publications,CBOS%20logo%20Black_6_272.jpg,cbos-source-assets/original/other/other_410_CBOS%20logo%20Black_6_272.jpg,45432,jpg,other,CATEGORY 1 — OFFICIAL / DOCUMENTARY ASSET,ar,,CBOS%20logo%20Black 6 272.jpg,ar_pub,Central Bank of Sudan Official Website Public Asset,PRESERVE,,PRESERVE
CBOS-AST-0411,https://cbos.gov.sd/sites/default/files/styles/publications_255_x_171/public/CBOS%20logo%20Black_6_271.jpg?itok=y0c_Qe3O,https://cbos.gov.sd/ar/periodicals-publications,CBOS%20logo%20Black_6_271.jpg,cbos-source-assets/original/other/other_411_CBOS%20logo%20Black_6_271.jpg,45432,jpg,other,CATEGORY 1 — OFFICIAL / DOCUMENTARY ASSET,ar,,CBOS%20logo%20Black 6 271.jpg,ar_pub,Central Bank of Sudan Official Website Public Asset,PRESERVE,,PRESERVE
CBOS-AST-0412,https://cbos.gov.sd/sites/default/files/styles/publications_255_x_171/public/CBOS%20logo%20Black_6_270.jpg?itok=KnD5lc-Q,https://cbos.gov.sd/ar/periodicals-publications,CBOS%20logo%20Black_6_270.jpg,cbos-source-assets/original/other/other_412_CBOS%20logo%20Black_6_270.jpg,45432,jpg,other,CATEGORY 1 — OFFICIAL / DOCUMENTARY ASSET,ar,,CBOS%20logo%20Black 6 270.jpg,ar_pub,Central Bank of Sudan Official Website Public Asset,PRESERVE,,PRESERVE
CBOS-AST-0413,https://cbos.gov.sd/sites/default/files/styles/publications_255_x_171/public/CBOS%20logo%20Black_6_269.jpg?itok=mP5VJf_X,https://cbos.gov.sd/ar/periodicals-publications,CBOS%20logo%20Black_6_269.jpg,cbos-source-assets/original/other/other_413_CBOS%20logo%20Black_6_269.jpg,45432,jpg,other,CATEGORY 1 — OFFICIAL / DOCUMENTARY ASSET,ar,,CBOS%20logo%20Black 6 269.jpg,ar_pub,Central Bank of Sudan Official Website Public Asset,PRESERVE,,PRESERVE
CBOS-AST-0414,https://cbos.gov.sd/sites/default/files/styles/publications_255_x_171/public/CBOS%20logo%20Black_6_268.jpg?itok=9t9XzyBf,https://cbos.gov.sd/ar/periodicals-publications,CBOS%20logo%20Black_6_268.jpg,cbos-source-assets/original/other/other_414_CBOS%20logo%20Black_6_268.jpg,45432,jpg,other,CATEGORY 1 — OFFICIAL / DOCUMENTARY ASSET,ar,,CBOS%20logo%20Black 6 268.jpg,ar_pub,Central Bank of Sudan Official Website Public Asset,PRESERVE,,PRESERVE
CBOS-AST-0415,https://cbos.gov.sd/sites/default/files/styles/publications_255_x_171/public/CBOS%20logo%20Black_6_267.jpg?itok=MbHT8ozh,https://cbos.gov.sd/ar/periodicals-publications,CBOS%20logo%20Black_6_267.jpg,cbos-source-assets/original/other/other_415_CBOS%20logo%20Black_6_267.jpg,45432,jpg,other,CATEGORY 1 — OFFICIAL / DOCUMENTARY ASSET,ar,,CBOS%20logo%20Black 6 267.jpg,ar_pub,Central Bank of Sudan Official Website Public Asset,PRESERVE,,PRESERVE
CBOS-AST-0416,https://cbos.gov.sd/sites/default/files/styles/publications_255_x_171/public/CBOS%20logo%20Black_6_266.jpg?itok=JN9Deu4Z,https://cbos.gov.sd/ar/periodicals-publications,CBOS%20logo%20Black_6_266.jpg,cbos-source-assets/original/other/other_416_CBOS%20logo%20Black_6_266.jpg,45432,jpg,other,CATEGORY 1 — OFFICIAL / DOCUMENTARY ASSET,ar,,CBOS%20logo%20Black 6 266.jpg,ar_pub,Central Bank of Sudan Official Website Public Asset,PRESERVE,,PRESERVE
CBOS-AST-0417,https://cbos.gov.sd/sites/default/files/styles/publications_255_x_171/public/CBOS%20logo%20Black_6_265.jpg?itok=rnooi8tO,https://cbos.gov.sd/ar/periodicals-publications,CBOS%20logo%20Black_6_265.jpg,cbos-source-assets/original/other/other_417_CBOS%20logo%20Black_6_265.jpg,45432,jpg,other,CATEGORY 1 — OFFICIAL / DOCUMENTARY ASSET,ar,,CBOS%20logo%20Black 6 265.jpg,ar_pub,Central Bank of Sudan Official Website Public Asset,PRESERVE,,PRESERVE
CBOS-AST-0418,https://cbos.gov.sd/sites/default/files/styles/publications_255_x_171/public/CBOS%20logo%20Black_6_264.jpg?itok=xTFgggaU,https://cbos.gov.sd/ar/periodicals-publications,CBOS%20logo%20Black_6_264.jpg,cbos-source-assets/original/other/other_418_CBOS%20logo%20Black_6_264.jpg,45432,jpg,other,CATEGORY 1 — OFFICIAL / DOCUMENTARY ASSET,ar,,CBOS%20logo%20Black 6 264.jpg,ar_pub,Central Bank of Sudan Official Website Public Asset,PRESERVE,,PRESERVE
CBOS-AST-0419,https://cbos.gov.sd/sites/default/files/styles/publications_255_x_171/public/CBOS%20logo%20Black_6_263.jpg?itok=5kecVXDn,https://cbos.gov.sd/ar/periodicals-publications,CBOS%20logo%20Black_6_263.jpg,cbos-source-assets/original/other/other_419_CBOS%20logo%20Black_6_263.jpg,45432,jpg,other,CATEGORY 1 — OFFICIAL / DOCUMENTARY ASSET,ar,,CBOS%20logo%20Black 6 263.jpg,ar_pub,Central Bank of Sudan Official Website Public Asset,PRESERVE,,PRESERVE
CBOS-AST-0420,https://cbos.gov.sd/sites/default/files/styles/publications_255_x_171/public/CBOS%20logo%20Black_6_262.jpg?itok=_z3Ei2rk,https://cbos.gov.sd/ar/periodicals-publications,CBOS%20logo%20Black_6_262.jpg,cbos-source-assets/original/other/other_420_CBOS%20logo%20Black_6_262.jpg,45432,jpg,other,CATEGORY 1 — OFFICIAL / DOCUMENTARY ASSET,ar,,CBOS%20logo%20Black 6 262.jpg,ar_pub,Central Bank of Sudan Official Website Public Asset,PRESERVE,,PRESERVE
CBOS-AST-0421,https://cbos.gov.sd/sites/default/files/styles/publications_255_x_171/public/CBOS%20logo%20Black_6_256_68.jpg?itok=k6KvMvYu,https://cbos.gov.sd/ar/periodicals-publications,CBOS%20logo%20Black_6_256_68.jpg,cbos-source-assets/original/other/other_421_CBOS%20logo%20Black_6_256_68.jpg,45432,jpg,other,CATEGORY 1 — OFFICIAL / DOCUMENTARY ASSET,ar,,CBOS%20logo%20Black 6 256 68.jpg,ar_pub,Central Bank of Sudan Official Website Public Asset,PRESERVE,,PRESERVE
CBOS-AST-0422,https://cbos.gov.sd/sites/default/files/styles/publications_255_x_171/public/CBOS%20logo%20Black_6_260.jpg?itok=7qfZQVVD,https://cbos.gov.sd/ar/periodicals-publications,CBOS%20logo%20Black_6_260.jpg,cbos-source-assets/original/other/other_422_CBOS%20logo%20Black_6_260.jpg,45432,jpg,other,CATEGORY 1 — OFFICIAL / DOCUMENTARY ASSET,ar,,CBOS%20logo%20Black 6 260.jpg,ar_pub,Central Bank of Sudan Official Website Public Asset,PRESERVE,,PRESERVE
CBOS-AST-0423,https://cbos.gov.sd/sites/default/files/styles/publications_255_x_171/public/CBOS%20logo%20Black_6_259.jpg?itok=PycQjBWL,https://cbos.gov.sd/ar/periodicals-publications,CBOS%20logo%20Black_6_259.jpg,cbos-source-assets/original/other/other_423_CBOS%20logo%20Black_6_259.jpg,45432,jpg,other,CATEGORY 1 — OFFICIAL / DOCUMENTARY ASSET,ar,,CBOS%20logo%20Black 6 259.jpg,ar_pub,Central Bank of Sudan Official Website Public Asset,PRESERVE,,PRESERVE
CBOS-AST-0424,https://cbos.gov.sd/sites/default/files/styles/publications_255_x_171/public/CBOS%20logo%20Black_6_228.jpg?itok=KbTHpu5G,https://cbos.gov.sd/ar/periodicals-publications,CBOS%20logo%20Black_6_228.jpg,cbos-source-assets/original/other/other_424_CBOS%20logo%20Black_6_228.jpg,45432,jpg,other,CATEGORY 1 — OFFICIAL / DOCUMENTARY ASSET,ar,,CBOS%20logo%20Black 6 228.jpg,ar_pub,Central Bank of Sudan Official Website Public Asset,PRESERVE,,PRESERVE
CBOS-AST-0425,https://cbos.gov.sd/sites/default/files/styles/publications_255_x_171/public/CBOS%20logo%20Black_6_226.jpg?itok=JDXy-Tho,https://cbos.gov.sd/ar/periodicals-publications,CBOS%20logo%20Black_6_226.jpg,cbos-source-assets/original/other/other_425_CBOS%20logo%20Black_6_226.jpg,45432,jpg,other,CATEGORY 1 — OFFICIAL / DOCUMENTARY ASSET,ar,,CBOS%20logo%20Black 6 226.jpg,ar_pub,Central Bank of Sudan Official Website Public Asset,PRESERVE,,PRESERVE
CBOS-AST-0426,https://cbos.gov.sd/sites/default/files/styles/publications_255_x_171/public/CBOS%20logo%20Black_6_227.jpg?itok=_pW3pl8I,https://cbos.gov.sd/ar/periodicals-publications,CBOS%20logo%20Black_6_227.jpg,cbos-source-assets/original/other/other_426_CBOS%20logo%20Black_6_227.jpg,45432,jpg,other,CATEGORY 1 — OFFICIAL / DOCUMENTARY ASSET,ar,,CBOS%20logo%20Black 6 227.jpg,ar_pub,Central Bank of Sudan Official Website Public Asset,PRESERVE,,PRESERVE
CBOS-AST-0427,https://cbos.gov.sd/sites/default/files/styles/publications_255_x_171/public/CBOS%20logo%20Black_6_225.jpg?itok=SiSDtH3H,https://cbos.gov.sd/ar/periodicals-publications,CBOS%20logo%20Black_6_225.jpg,cbos-source-assets/original/other/other_427_CBOS%20logo%20Black_6_225.jpg,45432,jpg,other,CATEGORY 1 — OFFICIAL / DOCUMENTARY ASSET,ar,,CBOS%20logo%20Black 6 225.jpg,ar_pub,Central Bank of Sudan Official Website Public Asset,PRESERVE,,PRESERVE
CBOS-AST-0428,https://cbos.gov.sd/sites/default/files/styles/publications_255_x_171/public/CBOS%20logo%20Black_6_224.jpg?itok=xuDwYKzm,https://cbos.gov.sd/ar/periodicals-publications,CBOS%20logo%20Black_6_224.jpg,cbos-source-assets/original/other/other_428_CBOS%20logo%20Black_6_224.jpg,45432,jpg,other,CATEGORY 1 — OFFICIAL / DOCUMENTARY ASSET,ar,,CBOS%20logo%20Black 6 224.jpg,ar_pub,Central Bank of Sudan Official Website Public Asset,PRESERVE,,PRESERVE
CBOS-AST-0429,https://cbos.gov.sd/sites/default/files/styles/publications_255_x_171/public/CBOS%20logo%20Black_6_223.jpg?itok=ZVGN5Fgk,https://cbos.gov.sd/ar/periodicals-publications,CBOS%20logo%20Black_6_223.jpg,cbos-source-assets/original/other/other_429_CBOS%20logo%20Black_6_223.jpg,45432,jpg,other,CATEGORY 1 — OFFICIAL / DOCUMENTARY ASSET,ar,,CBOS%20logo%20Black 6 223.jpg,ar_pub,Central Bank of Sudan Official Website Public Asset,PRESERVE,,PRESERVE
CBOS-AST-0430,https://cbos.gov.sd/sites/default/files/styles/publications_255_x_171/public/CBOS%20logo%20Black_6_222.jpg?itok=XXTPavO8,https://cbos.gov.sd/ar/periodicals-publications,CBOS%20logo%20Black_6_222.jpg,cbos-source-assets/original/other/other_430_CBOS%20logo%20Black_6_222.jpg,45432,jpg,other,CATEGORY 1 — OFFICIAL / DOCUMENTARY ASSET,ar,,CBOS%20logo%20Black 6 222.jpg,ar_pub,Central Bank of Sudan Official Website Public Asset,PRESERVE,,PRESERVE
CBOS-AST-0431,https://cbos.gov.sd/sites/default/files/styles/publications_255_x_171/public/CBOS%20logo%20Black_6_221.jpg?itok=M4Svu1vP,https://cbos.gov.sd/ar/periodicals-publications,CBOS%20logo%20Black_6_221.jpg,cbos-source-assets/original/other/other_431_CBOS%20logo%20Black_6_221.jpg,45432,jpg,other,CATEGORY 1 — OFFICIAL / DOCUMENTARY ASSET,ar,,CBOS%20logo%20Black 6 221.jpg,ar_pub,Central Bank of Sudan Official Website Public Asset,PRESERVE,,PRESERVE
CBOS-AST-0432,https://cbos.gov.sd/sites/default/files/styles/publications_255_x_171/public/CBOS%20logo%20Black_6_220.jpg?itok=syvdi9nt,https://cbos.gov.sd/ar/periodicals-publications,CBOS%20logo%20Black_6_220.jpg,cbos-source-assets/original/other/other_432_CBOS%20logo%20Black_6_220.jpg,45432,jpg,other,CATEGORY 1 — OFFICIAL / DOCUMENTARY ASSET,ar,,CBOS%20logo%20Black 6 220.jpg,ar_pub,Central Bank of Sudan Official Website Public Asset,PRESERVE,,PRESERVE
CBOS-AST-0433,https://cbos.gov.sd/sites/default/files/styles/publications_255_x_171/public/CBOS%20logo%20Black_6_219.jpg?itok=Ub5li9-Q,https://cbos.gov.sd/ar/periodicals-publications,CBOS%20logo%20Black_6_219.jpg,cbos-source-assets/original/other/other_433_CBOS%20logo%20Black_6_219.jpg,45432,jpg,other,CATEGORY 1 — OFFICIAL / DOCUMENTARY ASSET,ar,,CBOS%20logo%20Black 6 219.jpg,ar_pub,Central Bank of Sudan Official Website Public Asset,PRESERVE,,PRESERVE
CBOS-AST-0434,https://cbos.gov.sd/sites/default/files/styles/publications_255_x_171/public/CBOS%20logo%20Black_6_218.jpg?itok=R3PjrnhK,https://cbos.gov.sd/ar/periodicals-publications,CBOS%20logo%20Black_6_218.jpg,cbos-source-assets/original/other/other_434_CBOS%20logo%20Black_6_218.jpg,45432,jpg,other,CATEGORY 1 — OFFICIAL / DOCUMENTARY ASSET,ar,,CBOS%20logo%20Black 6 218.jpg,ar_pub,Central Bank of Sudan Official Website Public Asset,PRESERVE,,PRESERVE
CBOS-AST-0435,https://cbos.gov.sd/sites/default/files/styles/publications_255_x_171/public/CBOS%20logo%20Black_6_217.jpg?itok=TmdBrzFT,https://cbos.gov.sd/ar/periodicals-publications,CBOS%20logo%20Black_6_217.jpg,cbos-source-assets/original/other/other_435_CBOS%20logo%20Black_6_217.jpg,45432,jpg,other,CATEGORY 1 — OFFICIAL / DOCUMENTARY ASSET,ar,,CBOS%20logo%20Black 6 217.jpg,ar_pub,Central Bank of Sudan Official Website Public Asset,PRESERVE,,PRESERVE
CBOS-AST-0436,https://cbos.gov.sd/sites/default/files/styles/publications_255_x_171/public/CBOS%20logo%20Black_6_216.jpg?itok=aaC-TjYR,https://cbos.gov.sd/ar/periodicals-publications,CBOS%20logo%20Black_6_216.jpg,cbos-source-assets/original/other/other_436_CBOS%20logo%20Black_6_216.jpg,45432,jpg,other,CATEGORY 1 — OFFICIAL / DOCUMENTARY ASSET,ar,,CBOS%20logo%20Black 6 216.jpg,ar_pub,Central Bank of Sudan Official Website Public Asset,PRESERVE,,PRESERVE
CBOS-AST-0437,https://cbos.gov.sd/sites/default/files/styles/publications_255_x_171/public/CBOS%20logo%20Black_6_215.jpg?itok=8btHtfZC,https://cbos.gov.sd/ar/periodicals-publications,CBOS%20logo%20Black_6_215.jpg,cbos-source-assets/original/other/other_437_CBOS%20logo%20Black_6_215.jpg,45432,jpg,other,CATEGORY 1 — OFFICIAL / DOCUMENTARY ASSET,ar,,CBOS%20logo%20Black 6 215.jpg,ar_pub,Central Bank of Sudan Official Website Public Asset,PRESERVE,,PRESERVE
CBOS-AST-0438,https://cbos.gov.sd/sites/default/files/styles/publications_255_x_171/public/CBOS%20logo%20Black_6_214.jpg?itok=ZGA5QixX,https://cbos.gov.sd/ar/periodicals-publications,CBOS%20logo%20Black_6_214.jpg,cbos-source-assets/original/other/other_438_CBOS%20logo%20Black_6_214.jpg,45432,jpg,other,CATEGORY 1 — OFFICIAL / DOCUMENTARY ASSET,ar,,CBOS%20logo%20Black 6 214.jpg,ar_pub,Central Bank of Sudan Official Website Public Asset,PRESERVE,,PRESERVE
CBOS-AST-0439,https://cbos.gov.sd/sites/default/files/styles/publications_255_x_171/public/CBOS%20logo%20Black_6_213.jpg?itok=k1EIgfge,https://cbos.gov.sd/ar/periodicals-publications,CBOS%20logo%20Black_6_213.jpg,cbos-source-assets/original/other/other_439_CBOS%20logo%20Black_6_213.jpg,45432,jpg,other,CATEGORY 1 — OFFICIAL / DOCUMENTARY ASSET,ar,,CBOS%20logo%20Black 6 213.jpg,ar_pub,Central Bank of Sudan Official Website Public Asset,PRESERVE,,PRESERVE
CBOS-AST-0440,https://cbos.gov.sd/sites/default/files/styles/publications_255_x_171/public/CBOS%20logo%20Black_6_212.jpg?itok=PMRHDwY6,https://cbos.gov.sd/ar/periodicals-publications,CBOS%20logo%20Black_6_212.jpg,cbos-source-assets/original/other/other_440_CBOS%20logo%20Black_6_212.jpg,45432,jpg,other,CATEGORY 1 — OFFICIAL / DOCUMENTARY ASSET,ar,,CBOS%20logo%20Black 6 212.jpg,ar_pub,Central Bank of Sudan Official Website Public Asset,PRESERVE,,PRESERVE
CBOS-AST-0441,https://cbos.gov.sd/sites/default/files/styles/publications_255_x_171/public/CBOS%20logo%20Black_6_211.jpg?itok=lIfss08I,https://cbos.gov.sd/ar/periodicals-publications,CBOS%20logo%20Black_6_211.jpg,cbos-source-assets/original/other/other_441_CBOS%20logo%20Black_6_211.jpg,45432,jpg,other,CATEGORY 1 — OFFICIAL / DOCUMENTARY ASSET,ar,,CBOS%20logo%20Black 6 211.jpg,ar_pub,Central Bank of Sudan Official Website Public Asset,PRESERVE,,PRESERVE
CBOS-AST-0442,https://cbos.gov.sd/sites/default/files/styles/publications_255_x_171/public/CBOS%20logo%20Black_6_210.jpg?itok=0v9rvheb,https://cbos.gov.sd/ar/periodicals-publications,CBOS%20logo%20Black_6_210.jpg,cbos-source-assets/original/other/other_442_CBOS%20logo%20Black_6_210.jpg,45432,jpg,other,CATEGORY 1 — OFFICIAL / DOCUMENTARY ASSET,ar,,CBOS%20logo%20Black 6 210.jpg,ar_pub,Central Bank of Sudan Official Website Public Asset,PRESERVE,,PRESERVE
CBOS-AST-0443,https://cbos.gov.sd/sites/default/files/styles/publications_255_x_171/public/CBOS%20logo%20Black_6_209.jpg?itok=Op2drrlg,https://cbos.gov.sd/ar/periodicals-publications,CBOS%20logo%20Black_6_209.jpg,cbos-source-assets/original/other/other_443_CBOS%20logo%20Black_6_209.jpg,45432,jpg,other,CATEGORY 1 — OFFICIAL / DOCUMENTARY ASSET,ar,,CBOS%20logo%20Black 6 209.jpg,ar_pub,Central Bank of Sudan Official Website Public Asset,PRESERVE,,PRESERVE
CBOS-AST-0444,https://cbos.gov.sd/sites/default/files/styles/publications_255_x_171/public/CBOS%20logo%20Black_6_208.jpg?itok=QOdT-rwp,https://cbos.gov.sd/ar/periodicals-publications,CBOS%20logo%20Black_6_208.jpg,cbos-source-assets/original/other/other_444_CBOS%20logo%20Black_6_208.jpg,45432,jpg,other,CATEGORY 1 — OFFICIAL / DOCUMENTARY ASSET,ar,,CBOS%20logo%20Black 6 208.jpg,ar_pub,Central Bank of Sudan Official Website Public Asset,PRESERVE,,PRESERVE
CBOS-AST-0445,https://cbos.gov.sd/sites/default/files/styles/publications_255_x_171/public/CBOS%20logo%20Black_6_207.jpg?itok=mN9Y6Ba5,https://cbos.gov.sd/ar/periodicals-publications,CBOS%20logo%20Black_6_207.jpg,cbos-source-assets/original/other/other_445_CBOS%20logo%20Black_6_207.jpg,45432,jpg,other,CATEGORY 1 — OFFICIAL / DOCUMENTARY ASSET,ar,,CBOS%20logo%20Black 6 207.jpg,ar_pub,Central Bank of Sudan Official Website Public Asset,PRESERVE,,PRESERVE
CBOS-AST-0446,https://cbos.gov.sd/sites/default/files/styles/publications_255_x_171/public/CBOS%20logo%20Black_6_206.jpg?itok=zX41RHfm,https://cbos.gov.sd/ar/periodicals-publications,CBOS%20logo%20Black_6_206.jpg,cbos-source-assets/original/other/other_446_CBOS%20logo%20Black_6_206.jpg,45432,jpg,other,CATEGORY 1 — OFFICIAL / DOCUMENTARY ASSET,ar,,CBOS%20logo%20Black 6 206.jpg,ar_pub,Central Bank of Sudan Official Website Public Asset,PRESERVE,,PRESERVE
CBOS-AST-0447,https://cbos.gov.sd/sites/default/files/styles/publications_255_x_171/public/CBOS%20logo%20Black_6_205.jpg?itok=rwroBAMq,https://cbos.gov.sd/ar/periodicals-publications,CBOS%20logo%20Black_6_205.jpg,cbos-source-assets/original/other/other_447_CBOS%20logo%20Black_6_205.jpg,45432,jpg,other,CATEGORY 1 — OFFICIAL / DOCUMENTARY ASSET,ar,,CBOS%20logo%20Black 6 205.jpg,ar_pub,Central Bank of Sudan Official Website Public Asset,PRESERVE,,PRESERVE
CBOS-AST-0448,https://cbos.gov.sd/sites/default/files/styles/publications_255_x_171/public/CBOS%20logo%20Black_6_204.jpg?itok=3EPZ-06r,https://cbos.gov.sd/ar/periodicals-publications,CBOS%20logo%20Black_6_204.jpg,cbos-source-assets/original/other/other_448_CBOS%20logo%20Black_6_204.jpg,45432,jpg,other,CATEGORY 1 — OFFICIAL / DOCUMENTARY ASSET,ar,,CBOS%20logo%20Black 6 204.jpg,ar_pub,Central Bank of Sudan Official Website Public Asset,PRESERVE,,PRESERVE
CBOS-AST-0449,https://cbos.gov.sd/sites/default/files/styles/publications_255_x_171/public/CBOS%20logo%20Black_6_202.jpg?itok=EXlrCddg,https://cbos.gov.sd/ar/periodicals-publications,CBOS%20logo%20Black_6_202.jpg,cbos-source-assets/original/other/other_449_CBOS%20logo%20Black_6_202.jpg,45432,jpg,other,CATEGORY 1 — OFFICIAL / DOCUMENTARY ASSET,ar,,CBOS%20logo%20Black 6 202.jpg,ar_pub,Central Bank of Sudan Official Website Public Asset,PRESERVE,,PRESERVE
CBOS-AST-0450,https://cbos.gov.sd/sites/default/files/styles/publications_255_x_171/public/CBOS%20logo%20Black_6_200.jpg?itok=GA-LyVWN,https://cbos.gov.sd/ar/periodicals-publications,CBOS%20logo%20Black_6_200.jpg,cbos-source-assets/original/other/other_450_CBOS%20logo%20Black_6_200.jpg,45432,jpg,other,CATEGORY 1 — OFFICIAL / DOCUMENTARY ASSET,ar,,CBOS%20logo%20Black 6 200.jpg,ar_pub,Central Bank of Sudan Official Website Public Asset,PRESERVE,,PRESERVE
CBOS-AST-0451,https://cbos.gov.sd/sites/default/files/styles/publications_255_x_171/public/CBOS%20logo%20Black_6_199.jpg?itok=2k0J1ZOC,https://cbos.gov.sd/ar/periodicals-publications,CBOS%20logo%20Black_6_199.jpg,cbos-source-assets/original/other/other_451_CBOS%20logo%20Black_6_199.jpg,45432,jpg,other,CATEGORY 1 — OFFICIAL / DOCUMENTARY ASSET,ar,,CBOS%20logo%20Black 6 199.jpg,ar_pub,Central Bank of Sudan Official Website Public Asset,PRESERVE,,PRESERVE
CBOS-AST-0452,https://cbos.gov.sd/sites/default/files/styles/publications_255_x_171/public/CBOS%20logo%20Black_6_198.jpg?itok=Nnsnh0S1,https://cbos.gov.sd/ar/periodicals-publications,CBOS%20logo%20Black_6_198.jpg,cbos-source-assets/original/other/other_452_CBOS%20logo%20Black_6_198.jpg,45432,jpg,other,CATEGORY 1 — OFFICIAL / DOCUMENTARY ASSET,ar,,CBOS%20logo%20Black 6 198.jpg,ar_pub,Central Bank of Sudan Official Website Public Asset,PRESERVE,,PRESERVE
CBOS-AST-0453,https://cbos.gov.sd/sites/default/files/styles/publications_255_x_171/public/CBOS%20logo%20Black_6_197.jpg?itok=L49_P0tu,https://cbos.gov.sd/ar/periodicals-publications,CBOS%20logo%20Black_6_197.jpg,cbos-source-assets/original/other/other_453_CBOS%20logo%20Black_6_197.jpg,45432,jpg,other,CATEGORY 1 — OFFICIAL / DOCUMENTARY ASSET,ar,,CBOS%20logo%20Black 6 197.jpg,ar_pub,Central Bank of Sudan Official Website Public Asset,PRESERVE,,PRESERVE
CBOS-AST-0454,https://cbos.gov.sd/sites/default/files/styles/publications_255_x_171/public/CBOS%20logo%20Black_6_196.jpg?itok=_WLrumWn,https://cbos.gov.sd/ar/periodicals-publications,CBOS%20logo%20Black_6_196.jpg,cbos-source-assets/original/other/other_454_CBOS%20logo%20Black_6_196.jpg,45432,jpg,other,CATEGORY 1 — OFFICIAL / DOCUMENTARY ASSET,ar,,CBOS%20logo%20Black 6 196.jpg,ar_pub,Central Bank of Sudan Official Website Public Asset,PRESERVE,,PRESERVE
CBOS-AST-0455,https://cbos.gov.sd/sites/default/files/styles/publications_255_x_171/public/CBOS%20logo%20Black_6_195.jpg?itok=2O5A7uUy,https://cbos.gov.sd/ar/periodicals-publications,CBOS%20logo%20Black_6_195.jpg,cbos-source-assets/original/other/other_455_CBOS%20logo%20Black_6_195.jpg,45432,jpg,other,CATEGORY 1 — OFFICIAL / DOCUMENTARY ASSET,ar,,CBOS%20logo%20Black 6 195.jpg,ar_pub,Central Bank of Sudan Official Website Public Asset,PRESERVE,,PRESERVE
CBOS-AST-0456,https://cbos.gov.sd/sites/default/files/styles/publications_255_x_171/public/CBOS%20logo%20Black_6_194.jpg?itok=TngOhHpw,https://cbos.gov.sd/ar/periodicals-publications,CBOS%20logo%20Black_6_194.jpg,cbos-source-assets/original/other/other_456_CBOS%20logo%20Black_6_194.jpg,45432,jpg,other,CATEGORY 1 — OFFICIAL / DOCUMENTARY ASSET,ar,,CBOS%20logo%20Black 6 194.jpg,ar_pub,Central Bank of Sudan Official Website Public Asset,PRESERVE,,PRESERVE
CBOS-AST-0457,https://cbos.gov.sd/sites/default/files/styles/publications_255_x_171/public/CBOS%20logo%20Black_6_193.jpg?itok=vKjXRuoj,https://cbos.gov.sd/ar/periodicals-publications,CBOS%20logo%20Black_6_193.jpg,cbos-source-assets/original/other/other_457_CBOS%20logo%20Black_6_193.jpg,45432,jpg,other,CATEGORY 1 — OFFICIAL / DOCUMENTARY ASSET,ar,,CBOS%20logo%20Black 6 193.jpg,ar_pub,Central Bank of Sudan Official Website Public Asset,PRESERVE,,PRESERVE
CBOS-AST-0458,https://cbos.gov.sd/sites/default/files/styles/publications_255_x_171/public/CBOS%20logo%20Black_6_192.jpg?itok=oPO4JKV5,https://cbos.gov.sd/ar/periodicals-publications,CBOS%20logo%20Black_6_192.jpg,cbos-source-assets/original/other/other_458_CBOS%20logo%20Black_6_192.jpg,45432,jpg,other,CATEGORY 1 — OFFICIAL / DOCUMENTARY ASSET,ar,,CBOS%20logo%20Black 6 192.jpg,ar_pub,Central Bank of Sudan Official Website Public Asset,PRESERVE,,PRESERVE
CBOS-AST-0459,https://cbos.gov.sd/sites/default/files/styles/publications_255_x_171/public/CBOS%20logo%20Black_6_191.jpg?itok=fw7YrGjK,https://cbos.gov.sd/ar/periodicals-publications,CBOS%20logo%20Black_6_191.jpg,cbos-source-assets/original/other/other_459_CBOS%20logo%20Black_6_191.jpg,45432,jpg,other,CATEGORY 1 — OFFICIAL / DOCUMENTARY ASSET,ar,,CBOS%20logo%20Black 6 191.jpg,ar_pub,Central Bank of Sudan Official Website Public Asset,PRESERVE,,PRESERVE
CBOS-AST-0460,https://cbos.gov.sd/sites/default/files/styles/publications_255_x_171/public/CBOS%20logo%20Black_6_189.jpg?itok=EjxWWI0Z,https://cbos.gov.sd/ar/periodicals-publications,CBOS%20logo%20Black_6_189.jpg,cbos-source-assets/original/other/other_460_CBOS%20logo%20Black_6_189.jpg,45432,jpg,other,CATEGORY 1 — OFFICIAL / DOCUMENTARY ASSET,ar,,CBOS%20logo%20Black 6 189.jpg,ar_pub,Central Bank of Sudan Official Website Public Asset,PRESERVE,,PRESERVE
CBOS-AST-0461,https://cbos.gov.sd/sites/default/files/styles/publications_255_x_171/public/CBOS%20logo%20Black_6_190.jpg?itok=R587h-oH,https://cbos.gov.sd/ar/periodicals-publications,CBOS%20logo%20Black_6_190.jpg,cbos-source-assets/original/other/other_461_CBOS%20logo%20Black_6_190.jpg,45432,jpg,other,CATEGORY 1 — OFFICIAL / DOCUMENTARY ASSET,ar,,CBOS%20logo%20Black 6 190.jpg,ar_pub,Central Bank of Sudan Official Website Public Asset,PRESERVE,,PRESERVE
CBOS-AST-0462,https://cbos.gov.sd/sites/default/files/styles/publications_255_x_171/public/CBOS%20logo%20Black_6_188.jpg?itok=JiVixmPw,https://cbos.gov.sd/ar/periodicals-publications,CBOS%20logo%20Black_6_188.jpg,cbos-source-assets/original/other/other_462_CBOS%20logo%20Black_6_188.jpg,45432,jpg,other,CATEGORY 1 — OFFICIAL / DOCUMENTARY ASSET,ar,,CBOS%20logo%20Black 6 188.jpg,ar_pub,Central Bank of Sudan Official Website Public Asset,PRESERVE,,PRESERVE
CBOS-AST-0463,https://cbos.gov.sd/sites/default/files/styles/publications_255_x_171/public/CBOS%20logo%20Black_6_187.jpg?itok=PL7uAywL,https://cbos.gov.sd/ar/periodicals-publications,CBOS%20logo%20Black_6_187.jpg,cbos-source-assets/original/other/other_463_CBOS%20logo%20Black_6_187.jpg,45432,jpg,other,CATEGORY 1 — OFFICIAL / DOCUMENTARY ASSET,ar,,CBOS%20logo%20Black 6 187.jpg,ar_pub,Central Bank of Sudan Official Website Public Asset,PRESERVE,,PRESERVE
CBOS-AST-0464,https://cbos.gov.sd/sites/default/files/styles/publications_255_x_171/public/CBOS%20logo%20Black_6_186.jpg?itok=2oec8XRI,https://cbos.gov.sd/ar/periodicals-publications,CBOS%20logo%20Black_6_186.jpg,cbos-source-assets/original/other/other_464_CBOS%20logo%20Black_6_186.jpg,45432,jpg,other,CATEGORY 1 — OFFICIAL / DOCUMENTARY ASSET,ar,,CBOS%20logo%20Black 6 186.jpg,ar_pub,Central Bank of Sudan Official Website Public Asset,PRESERVE,,PRESERVE
CBOS-AST-0465,https://cbos.gov.sd/sites/default/files/styles/publications_255_x_171/public/CBOS%20logo%20Black_6_184.jpg?itok=nYKVWXAT,https://cbos.gov.sd/ar/periodicals-publications,CBOS%20logo%20Black_6_184.jpg,cbos-source-assets/original/other/other_465_CBOS%20logo%20Black_6_184.jpg,45432,jpg,other,CATEGORY 1 — OFFICIAL / DOCUMENTARY ASSET,ar,,CBOS%20logo%20Black 6 184.jpg,ar_pub,Central Bank of Sudan Official Website Public Asset,PRESERVE,,PRESERVE
CBOS-AST-0466,https://cbos.gov.sd/sites/default/files/styles/publications_255_x_171/public/CBOS%20logo%20Black_6_183.jpg?itok=zwUIEQt9,https://cbos.gov.sd/ar/periodicals-publications,CBOS%20logo%20Black_6_183.jpg,cbos-source-assets/original/other/other_466_CBOS%20logo%20Black_6_183.jpg,45432,jpg,other,CATEGORY 1 — OFFICIAL / DOCUMENTARY ASSET,ar,,CBOS%20logo%20Black 6 183.jpg,ar_pub,Central Bank of Sudan Official Website Public Asset,PRESERVE,,PRESERVE
CBOS-AST-0467,https://cbos.gov.sd/sites/default/files/styles/publications_255_x_171/public/CBOS%20logo%20Black_6_182.jpg?itok=QhZlbdZQ,https://cbos.gov.sd/ar/periodicals-publications,CBOS%20logo%20Black_6_182.jpg,cbos-source-assets/original/other/other_467_CBOS%20logo%20Black_6_182.jpg,45432,jpg,other,CATEGORY 1 — OFFICIAL / DOCUMENTARY ASSET,ar,,CBOS%20logo%20Black 6 182.jpg,ar_pub,Central Bank of Sudan Official Website Public Asset,PRESERVE,,PRESERVE
CBOS-AST-0468,https://cbos.gov.sd/sites/default/files/styles/publications_255_x_171/public/CBOS%20logo%20Black_6_181.jpg?itok=E-8O13oP,https://cbos.gov.sd/ar/periodicals-publications,CBOS%20logo%20Black_6_181.jpg,cbos-source-assets/original/other/other_468_CBOS%20logo%20Black_6_181.jpg,45432,jpg,other,CATEGORY 1 — OFFICIAL / DOCUMENTARY ASSET,ar,,CBOS%20logo%20Black 6 181.jpg,ar_pub,Central Bank of Sudan Official Website Public Asset,PRESERVE,,PRESERVE
CBOS-AST-0469,https://cbos.gov.sd/sites/default/files/styles/publications_255_x_171/public/CBOS%20logo%20Black_6_180.jpg?itok=xLWy5q8n,https://cbos.gov.sd/ar/periodicals-publications,CBOS%20logo%20Black_6_180.jpg,cbos-source-assets/original/other/other_469_CBOS%20logo%20Black_6_180.jpg,45432,jpg,other,CATEGORY 1 — OFFICIAL / DOCUMENTARY ASSET,ar,,CBOS%20logo%20Black 6 180.jpg,ar_pub,Central Bank of Sudan Official Website Public Asset,PRESERVE,,PRESERVE
CBOS-AST-0470,https://cbos.gov.sd/sites/default/files/styles/publications_255_x_171/public/CBOS%20logo%20Black_6_179.jpg?itok=WaCK8MaY,https://cbos.gov.sd/ar/periodicals-publications,CBOS%20logo%20Black_6_179.jpg,cbos-source-assets/original/other/other_470_CBOS%20logo%20Black_6_179.jpg,45432,jpg,other,CATEGORY 1 — OFFICIAL / DOCUMENTARY ASSET,ar,,CBOS%20logo%20Black 6 179.jpg,ar_pub,Central Bank of Sudan Official Website Public Asset,PRESERVE,,PRESERVE
CBOS-AST-0471,https://cbos.gov.sd/sites/default/files/styles/publications_255_x_171/public/CBOS%20logo%20Black_6_178.jpg?itok=n19TEvl3,https://cbos.gov.sd/ar/periodicals-publications,CBOS%20logo%20Black_6_178.jpg,cbos-source-assets/original/other/other_471_CBOS%20logo%20Black_6_178.jpg,45432,jpg,other,CATEGORY 1 — OFFICIAL / DOCUMENTARY ASSET,ar,,CBOS%20logo%20Black 6 178.jpg,ar_pub,Central Bank of Sudan Official Website Public Asset,PRESERVE,,PRESERVE
CBOS-AST-0472,https://cbos.gov.sd/sites/default/files/styles/publications_255_x_171/public/CBOS%20logo%20Black_6_177.jpg?itok=2IwQpuO6,https://cbos.gov.sd/ar/periodicals-publications,CBOS%20logo%20Black_6_177.jpg,cbos-source-assets/original/other/other_472_CBOS%20logo%20Black_6_177.jpg,45432,jpg,other,CATEGORY 1 — OFFICIAL / DOCUMENTARY ASSET,ar,,CBOS%20logo%20Black 6 177.jpg,ar_pub,Central Bank of Sudan Official Website Public Asset,PRESERVE,,PRESERVE
CBOS-AST-0473,https://cbos.gov.sd/sites/default/files/styles/publications_255_x_171/public/CBOS%20logo%20Black_6_176.jpg?itok=UnDNvmvl,https://cbos.gov.sd/ar/periodicals-publications,CBOS%20logo%20Black_6_176.jpg,cbos-source-assets/original/other/other_473_CBOS%20logo%20Black_6_176.jpg,45432,jpg,other,CATEGORY 1 — OFFICIAL / DOCUMENTARY ASSET,ar,,CBOS%20logo%20Black 6 176.jpg,ar_pub,Central Bank of Sudan Official Website Public Asset,PRESERVE,,PRESERVE
CBOS-AST-0474,https://cbos.gov.sd/sites/default/files/styles/publications_255_x_171/public/CBOS%20logo%20Black_6_175.jpg?itok=YSgEb3h8,https://cbos.gov.sd/ar/periodicals-publications,CBOS%20logo%20Black_6_175.jpg,cbos-source-assets/original/other/other_474_CBOS%20logo%20Black_6_175.jpg,45432,jpg,other,CATEGORY 1 — OFFICIAL / DOCUMENTARY ASSET,ar,,CBOS%20logo%20Black 6 175.jpg,ar_pub,Central Bank of Sudan Official Website Public Asset,PRESERVE,,PRESERVE
CBOS-AST-0475,https://cbos.gov.sd/sites/default/files/styles/publications_255_x_171/public/CBOS%20logo%20Black_6_90.jpg?itok=5riuFeU6,https://cbos.gov.sd/ar/periodicals-publications,CBOS%20logo%20Black_6_90.jpg,cbos-source-assets/original/other/other_475_CBOS%20logo%20Black_6_90.jpg,45432,jpg,other,CATEGORY 1 — OFFICIAL / DOCUMENTARY ASSET,ar,,CBOS%20logo%20Black 6 90.jpg,ar_pub,Central Bank of Sudan Official Website Public Asset,PRESERVE,,PRESERVE
CBOS-AST-0476,https://cbos.gov.sd/sites/default/files/styles/publications_255_x_171/public/CBOS%20logo%20Black_6_74.jpg?itok=f_8f-O71,https://cbos.gov.sd/ar/periodicals-publications,CBOS%20logo%20Black_6_74.jpg,cbos-source-assets/original/other/other_476_CBOS%20logo%20Black_6_74.jpg,45432,jpg,other,CATEGORY 1 — OFFICIAL / DOCUMENTARY ASSET,ar,,CBOS%20logo%20Black 6 74.jpg,ar_pub,Central Bank of Sudan Official Website Public Asset,PRESERVE,,PRESERVE
CBOS-AST-0477,https://cbos.gov.sd/sites/default/files/styles/publications_255_x_171/public/CBOS%20logo%20Black_6_71.jpg?itok=hwtwMDm9,https://cbos.gov.sd/ar/periodicals-publications,CBOS%20logo%20Black_6_71.jpg,cbos-source-assets/original/other/other_477_CBOS%20logo%20Black_6_71.jpg,45432,jpg,other,CATEGORY 1 — OFFICIAL / DOCUMENTARY ASSET,ar,,CBOS%20logo%20Black 6 71.jpg,ar_pub,Central Bank of Sudan Official Website Public Asset,PRESERVE,,PRESERVE
CBOS-AST-0478,https://cbos.gov.sd/sites/default/files/styles/publications_255_x_171/public/CBOS%20logo%20Black_6_69.jpg?itok=_Ubv0I9_,https://cbos.gov.sd/ar/periodicals-publications,CBOS%20logo%20Black_6_69.jpg,cbos-source-assets/original/other/other_478_CBOS%20logo%20Black_6_69.jpg,45432,jpg,other,CATEGORY 1 — OFFICIAL / DOCUMENTARY ASSET,ar,,CBOS%20logo%20Black 6 69.jpg,ar_pub,Central Bank of Sudan Official Website Public Asset,PRESERVE,,PRESERVE
CBOS-AST-0479,https://cbos.gov.sd/sites/default/files/styles/publications_255_x_171/public/CBOS%20logo%20Black_6_116.jpg?itok=yvdKuDsy,https://cbos.gov.sd/ar/periodicals-publications,CBOS%20logo%20Black_6_116.jpg,cbos-source-assets/original/other/other_479_CBOS%20logo%20Black_6_116.jpg,45432,jpg,other,CATEGORY 1 — OFFICIAL / DOCUMENTARY ASSET,ar,,CBOS%20logo%20Black 6 116.jpg,ar_pub,Central Bank of Sudan Official Website Public Asset,PRESERVE,,PRESERVE
CBOS-AST-0480,https://cbos.gov.sd/sites/default/files/styles/publications_255_x_171/public/CBOS%20logo%20Black_6_115.jpg?itok=W6sGbv5i,https://cbos.gov.sd/ar/periodicals-publications,CBOS%20logo%20Black_6_115.jpg,cbos-source-assets/original/other/other_480_CBOS%20logo%20Black_6_115.jpg,45432,jpg,other,CATEGORY 1 — OFFICIAL / DOCUMENTARY ASSET,ar,,CBOS%20logo%20Black 6 115.jpg,ar_pub,Central Bank of Sudan Official Website Public Asset,PRESERVE,,PRESERVE
CBOS-AST-0481,https://cbos.gov.sd/sites/default/files/styles/publications_255_x_171/public/CBOS%20logo%20Black_6_114.jpg?itok=h4HvRlvT,https://cbos.gov.sd/ar/periodicals-publications,CBOS%20logo%20Black_6_114.jpg,cbos-source-assets/original/other/other_481_CBOS%20logo%20Black_6_114.jpg,45432,jpg,other,CATEGORY 1 — OFFICIAL / DOCUMENTARY ASSET,ar,,CBOS%20logo%20Black 6 114.jpg,ar_pub,Central Bank of Sudan Official Website Public Asset,PRESERVE,,PRESERVE
CBOS-AST-0482,https://cbos.gov.sd/sites/default/files/styles/publications_255_x_171/public/CBOS%20logo%20Black_6_112.jpg?itok=SWwyeodw,https://cbos.gov.sd/ar/periodicals-publications,CBOS%20logo%20Black_6_112.jpg,cbos-source-assets/original/other/other_482_CBOS%20logo%20Black_6_112.jpg,45432,jpg,other,CATEGORY 1 — OFFICIAL / DOCUMENTARY ASSET,ar,,CBOS%20logo%20Black 6 112.jpg,ar_pub,Central Bank of Sudan Official Website Public Asset,PRESERVE,,PRESERVE
CBOS-AST-0483,https://cbos.gov.sd/sites/default/files/styles/publications_255_x_171/public/CBOS%20logo%20Black_6_113.jpg?itok=I-LVjnnq,https://cbos.gov.sd/ar/periodicals-publications,CBOS%20logo%20Black_6_113.jpg,cbos-source-assets/original/other/other_483_CBOS%20logo%20Black_6_113.jpg,45432,jpg,other,CATEGORY 1 — OFFICIAL / DOCUMENTARY ASSET,ar,,CBOS%20logo%20Black 6 113.jpg,ar_pub,Central Bank of Sudan Official Website Public Asset,PRESERVE,,PRESERVE
CBOS-AST-0484,https://cbos.gov.sd/sites/default/files/styles/publications_255_x_171/public/CBOS%20logo%20Black_6_111.jpg?itok=jkKCP_m8,https://cbos.gov.sd/ar/periodicals-publications,CBOS%20logo%20Black_6_111.jpg,cbos-source-assets/original/other/other_484_CBOS%20logo%20Black_6_111.jpg,45432,jpg,other,CATEGORY 1 — OFFICIAL / DOCUMENTARY ASSET,ar,,CBOS%20logo%20Black 6 111.jpg,ar_pub,Central Bank of Sudan Official Website Public Asset,PRESERVE,,PRESERVE
CBOS-AST-0485,https://cbos.gov.sd/sites/default/files/styles/publications_255_x_171/public/CBOS%20logo%20Black_6_109.jpg?itok=L2mIs9M4,https://cbos.gov.sd/ar/periodicals-publications,CBOS%20logo%20Black_6_109.jpg,cbos-source-assets/original/other/other_485_CBOS%20logo%20Black_6_109.jpg,45432,jpg,other,CATEGORY 1 — OFFICIAL / DOCUMENTARY ASSET,ar,,CBOS%20logo%20Black 6 109.jpg,ar_pub,Central Bank of Sudan Official Website Public Asset,PRESERVE,,PRESERVE
CBOS-AST-0486,https://cbos.gov.sd/sites/default/files/styles/publications_255_x_171/public/CBOS%20logo%20Black_6_108.jpg?itok=aJOq2PpX,https://cbos.gov.sd/ar/periodicals-publications,CBOS%20logo%20Black_6_108.jpg,cbos-source-assets/original/other/other_486_CBOS%20logo%20Black_6_108.jpg,45432,jpg,other,CATEGORY 1 — OFFICIAL / DOCUMENTARY ASSET,ar,,CBOS%20logo%20Black 6 108.jpg,ar_pub,Central Bank of Sudan Official Website Public Asset,PRESERVE,,PRESERVE
CBOS-AST-0487,https://cbos.gov.sd/sites/default/files/styles/publications_255_x_171/public/CBOS%20logo%20Black_6_110.jpg?itok=x_FMXdeW,https://cbos.gov.sd/ar/periodicals-publications,CBOS%20logo%20Black_6_110.jpg,cbos-source-assets/original/other/other_487_CBOS%20logo%20Black_6_110.jpg,45432,jpg,other,CATEGORY 1 — OFFICIAL / DOCUMENTARY ASSET,ar,,CBOS%20logo%20Black 6 110.jpg,ar_pub,Central Bank of Sudan Official Website Public Asset,PRESERVE,,PRESERVE
CBOS-AST-0488,https://cbos.gov.sd/sites/default/files/styles/publications_255_x_171/public/CBOS%20logo%20Black_6_107.jpg?itok=oOZgbhm0,https://cbos.gov.sd/ar/periodicals-publications,CBOS%20logo%20Black_6_107.jpg,cbos-source-assets/original/other/other_488_CBOS%20logo%20Black_6_107.jpg,45432,jpg,other,CATEGORY 1 — OFFICIAL / DOCUMENTARY ASSET,ar,,CBOS%20logo%20Black 6 107.jpg,ar_pub,Central Bank of Sudan Official Website Public Asset,PRESERVE,,PRESERVE
CBOS-AST-0489,https://cbos.gov.sd/sites/default/files/styles/publications_255_x_171/public/CBOS%20logo%20Black_6_106.jpg?itok=biGgNVeP,https://cbos.gov.sd/ar/periodicals-publications,CBOS%20logo%20Black_6_106.jpg,cbos-source-assets/original/other/other_489_CBOS%20logo%20Black_6_106.jpg,45432,jpg,other,CATEGORY 1 — OFFICIAL / DOCUMENTARY ASSET,ar,,CBOS%20logo%20Black 6 106.jpg,ar_pub,Central Bank of Sudan Official Website Public Asset,PRESERVE,,PRESERVE
CBOS-AST-0490,https://cbos.gov.sd/sites/default/files/styles/publications_255_x_171/public/CBOS%20logo%20Black_6_105.jpg?itok=P79KNBF9,https://cbos.gov.sd/ar/periodicals-publications,CBOS%20logo%20Black_6_105.jpg,cbos-source-assets/original/other/other_490_CBOS%20logo%20Black_6_105.jpg,45432,jpg,other,CATEGORY 1 — OFFICIAL / DOCUMENTARY ASSET,ar,,CBOS%20logo%20Black 6 105.jpg,ar_pub,Central Bank of Sudan Official Website Public Asset,PRESERVE,,PRESERVE
CBOS-AST-0491,https://cbos.gov.sd/sites/default/files/styles/publications_255_x_171/public/CBOS%20logo%20Black_6_104.jpg?itok=JZdoDoX9,https://cbos.gov.sd/ar/periodicals-publications,CBOS%20logo%20Black_6_104.jpg,cbos-source-assets/original/other/other_491_CBOS%20logo%20Black_6_104.jpg,45432,jpg,other,CATEGORY 1 — OFFICIAL / DOCUMENTARY ASSET,ar,,CBOS%20logo%20Black 6 104.jpg,ar_pub,Central Bank of Sudan Official Website Public Asset,PRESERVE,,PRESERVE
CBOS-AST-0492,https://cbos.gov.sd/sites/default/files/styles/publications_255_x_171/public/CBOS%20logo%20Black_6_103.jpg?itok=AdYIAxS6,https://cbos.gov.sd/ar/periodicals-publications,CBOS%20logo%20Black_6_103.jpg,cbos-source-assets/original/other/other_492_CBOS%20logo%20Black_6_103.jpg,45432,jpg,other,CATEGORY 1 — OFFICIAL / DOCUMENTARY ASSET,ar,,CBOS%20logo%20Black 6 103.jpg,ar_pub,Central Bank of Sudan Official Website Public Asset,PRESERVE,,PRESERVE
CBOS-AST-0493,https://cbos.gov.sd/sites/default/files/styles/publications_255_x_171/public/CBOS%20logo%20Black_6_101.jpg?itok=WL-POgxW,https://cbos.gov.sd/ar/periodicals-publications,CBOS%20logo%20Black_6_101.jpg,cbos-source-assets/original/other/other_493_CBOS%20logo%20Black_6_101.jpg,45432,jpg,other,CATEGORY 1 — OFFICIAL / DOCUMENTARY ASSET,ar,,CBOS%20logo%20Black 6 101.jpg,ar_pub,Central Bank of Sudan Official Website Public Asset,PRESERVE,,PRESERVE
CBOS-AST-0494,https://cbos.gov.sd/sites/default/files/styles/publications_255_x_171/public/CBOS%20logo%20Black_6_100.jpg?itok=MXGEl186,https://cbos.gov.sd/ar/periodicals-publications,CBOS%20logo%20Black_6_100.jpg,cbos-source-assets/original/other/other_494_CBOS%20logo%20Black_6_100.jpg,45432,jpg,other,CATEGORY 1 — OFFICIAL / DOCUMENTARY ASSET,ar,,CBOS%20logo%20Black 6 100.jpg,ar_pub,Central Bank of Sudan Official Website Public Asset,PRESERVE,,PRESERVE
CBOS-AST-0495,https://cbos.gov.sd/sites/default/files/styles/publications_255_x_171/public/CBOS%20logo%20Black_6_99.jpg?itok=uXf3ehNr,https://cbos.gov.sd/ar/periodicals-publications,CBOS%20logo%20Black_6_99.jpg,cbos-source-assets/original/other/other_495_CBOS%20logo%20Black_6_99.jpg,45432,jpg,other,CATEGORY 1 — OFFICIAL / DOCUMENTARY ASSET,ar,,CBOS%20logo%20Black 6 99.jpg,ar_pub,Central Bank of Sudan Official Website Public Asset,PRESERVE,,PRESERVE
CBOS-AST-0496,https://cbos.gov.sd/sites/default/files/styles/publications_255_x_171/public/CBOS%20logo%20Black_6_102.jpg?itok=DmdWdi-c,https://cbos.gov.sd/ar/periodicals-publications,CBOS%20logo%20Black_6_102.jpg,cbos-source-assets/original/other/other_496_CBOS%20logo%20Black_6_102.jpg,45432,jpg,other,CATEGORY 1 — OFFICIAL / DOCUMENTARY ASSET,ar,,CBOS%20logo%20Black 6 102.jpg,ar_pub,Central Bank of Sudan Official Website Public Asset,PRESERVE,,PRESERVE
CBOS-AST-0497,https://cbos.gov.sd/sites/default/files/styles/publications_255_x_171/public/CBOS%20logo%20Black_6_97.jpg?itok=BPCRDDC_,https://cbos.gov.sd/ar/periodicals-publications,CBOS%20logo%20Black_6_97.jpg,cbos-source-assets/original/other/other_497_CBOS%20logo%20Black_6_97.jpg,45432,jpg,other,CATEGORY 1 — OFFICIAL / DOCUMENTARY ASSET,ar,,CBOS%20logo%20Black 6 97.jpg,ar_pub,Central Bank of Sudan Official Website Public Asset,PRESERVE,,PRESERVE
CBOS-AST-0498,https://cbos.gov.sd/sites/default/files/styles/publications_255_x_171/public/CBOS%20logo%20Black_6_96.jpg?itok=gQvkoFEc,https://cbos.gov.sd/ar/periodicals-publications,CBOS%20logo%20Black_6_96.jpg,cbos-source-assets/original/other/other_498_CBOS%20logo%20Black_6_96.jpg,45432,jpg,other,CATEGORY 1 — OFFICIAL / DOCUMENTARY ASSET,ar,,CBOS%20logo%20Black 6 96.jpg,ar_pub,Central Bank of Sudan Official Website Public Asset,PRESERVE,,PRESERVE
CBOS-AST-0499,https://cbos.gov.sd/sites/default/files/styles/publications_255_x_171/public/CBOS%20logo%20Black_6_95.jpg?itok=vni27-sL,https://cbos.gov.sd/ar/periodicals-publications,CBOS%20logo%20Black_6_95.jpg,cbos-source-assets/original/other/other_499_CBOS%20logo%20Black_6_95.jpg,45432,jpg,other,CATEGORY 1 — OFFICIAL / DOCUMENTARY ASSET,ar,,CBOS%20logo%20Black 6 95.jpg,ar_pub,Central Bank of Sudan Official Website Public Asset,PRESERVE,,PRESERVE
CBOS-AST-0500,https://cbos.gov.sd/sites/default/files/styles/publications_255_x_171/public/CBOS%20logo%20Black_6_201.jpg?itok=aQoD54uZ,https://cbos.gov.sd/ar/periodicals-publications,CBOS%20logo%20Black_6_201.jpg,cbos-source-assets/original/other/other_500_CBOS%20logo%20Black_6_201.jpg,45432,jpg,other,CATEGORY 1 — OFFICIAL / DOCUMENTARY ASSET,ar,,CBOS%20logo%20Black 6 201.jpg,ar_pub,Central Bank of Sudan Official Website Public Asset,PRESERVE,,PRESERVE
CBOS-AST-0501,https://cbos.gov.sd/sites/default/files/styles/publications_255_x_171/public/CBOS%20logo%20Black_6_94.jpg?itok=Mnc8c_44,https://cbos.gov.sd/ar/periodicals-publications,CBOS%20logo%20Black_6_94.jpg,cbos-source-assets/original/other/other_501_CBOS%20logo%20Black_6_94.jpg,45432,jpg,other,CATEGORY 1 — OFFICIAL / DOCUMENTARY ASSET,ar,,CBOS%20logo%20Black 6 94.jpg,ar_pub,Central Bank of Sudan Official Website Public Asset,PRESERVE,,PRESERVE
CBOS-AST-0502,https://cbos.gov.sd/sites/default/files/styles/publications_255_x_171/public/CBOS%20logo%20Black_6_91.jpg?itok=eAFMKpan,https://cbos.gov.sd/ar/periodicals-publications,CBOS%20logo%20Black_6_91.jpg,cbos-source-assets/original/other/other_502_CBOS%20logo%20Black_6_91.jpg,45432,jpg,other,CATEGORY 1 — OFFICIAL / DOCUMENTARY ASSET,ar,,CBOS%20logo%20Black 6 91.jpg,ar_pub,Central Bank of Sudan Official Website Public Asset,PRESERVE,,PRESERVE
CBOS-AST-0503,https://cbos.gov.sd/sites/default/files/styles/publications_255_x_171/public/CBOS%20logo%20Black_6_93.jpg?itok=mPfZCngY,https://cbos.gov.sd/ar/periodicals-publications,CBOS%20logo%20Black_6_93.jpg,cbos-source-assets/original/other/other_503_CBOS%20logo%20Black_6_93.jpg,45432,jpg,other,CATEGORY 1 — OFFICIAL / DOCUMENTARY ASSET,ar,,CBOS%20logo%20Black 6 93.jpg,ar_pub,Central Bank of Sudan Official Website Public Asset,PRESERVE,,PRESERVE
CBOS-AST-0504,https://cbos.gov.sd/sites/default/files/styles/publications_255_x_171/public/CBOS%20logo%20Black_6_89.jpg?itok=hF9mL5vy,https://cbos.gov.sd/ar/periodicals-publications,CBOS%20logo%20Black_6_89.jpg,cbos-source-assets/original/other/other_504_CBOS%20logo%20Black_6_89.jpg,45432,jpg,other,CATEGORY 1 — OFFICIAL / DOCUMENTARY ASSET,ar,,CBOS%20logo%20Black 6 89.jpg,ar_pub,Central Bank of Sudan Official Website Public Asset,PRESERVE,,PRESERVE
CBOS-AST-0505,https://cbos.gov.sd/sites/default/files/styles/publications_255_x_171/public/CBOS%20logo%20Black_6_88.jpg?itok=haP9QABk,https://cbos.gov.sd/ar/periodicals-publications,CBOS%20logo%20Black_6_88.jpg,cbos-source-assets/original/other/other_505_CBOS%20logo%20Black_6_88.jpg,45432,jpg,other,CATEGORY 1 — OFFICIAL / DOCUMENTARY ASSET,ar,,CBOS%20logo%20Black 6 88.jpg,ar_pub,Central Bank of Sudan Official Website Public Asset,PRESERVE,,PRESERVE
CBOS-AST-0506,https://cbos.gov.sd/sites/default/files/styles/publications_255_x_171/public/CBOS%20logo%20Black_6_87.jpg?itok=cUFPkuzc,https://cbos.gov.sd/ar/periodicals-publications,CBOS%20logo%20Black_6_87.jpg,cbos-source-assets/original/other/other_506_CBOS%20logo%20Black_6_87.jpg,45432,jpg,other,CATEGORY 1 — OFFICIAL / DOCUMENTARY ASSET,ar,,CBOS%20logo%20Black 6 87.jpg,ar_pub,Central Bank of Sudan Official Website Public Asset,PRESERVE,,PRESERVE
CBOS-AST-0507,https://cbos.gov.sd/sites/default/files/styles/publications_255_x_171/public/CBOS%20logo%20Black_6_86.jpg?itok=pL2jxTtY,https://cbos.gov.sd/ar/periodicals-publications,CBOS%20logo%20Black_6_86.jpg,cbos-source-assets/original/other/other_507_CBOS%20logo%20Black_6_86.jpg,45432,jpg,other,CATEGORY 1 — OFFICIAL / DOCUMENTARY ASSET,ar,,CBOS%20logo%20Black 6 86.jpg,ar_pub,Central Bank of Sudan Official Website Public Asset,PRESERVE,,PRESERVE
CBOS-AST-0508,https://cbos.gov.sd/sites/default/files/styles/publications_255_x_171/public/CBOS%20logo%20Black_6_85.jpg?itok=ZFN12f22,https://cbos.gov.sd/ar/periodicals-publications,CBOS%20logo%20Black_6_85.jpg,cbos-source-assets/original/other/other_508_CBOS%20logo%20Black_6_85.jpg,45432,jpg,other,CATEGORY 1 — OFFICIAL / DOCUMENTARY ASSET,ar,,CBOS%20logo%20Black 6 85.jpg,ar_pub,Central Bank of Sudan Official Website Public Asset,PRESERVE,,PRESERVE
CBOS-AST-0509,https://cbos.gov.sd/sites/default/files/styles/publications_255_x_171/public/CBOS%20logo%20Black_6_84.jpg?itok=nQAa2vGF,https://cbos.gov.sd/ar/periodicals-publications,CBOS%20logo%20Black_6_84.jpg,cbos-source-assets/original/other/other_509_CBOS%20logo%20Black_6_84.jpg,45432,jpg,other,CATEGORY 1 — OFFICIAL / DOCUMENTARY ASSET,ar,,CBOS%20logo%20Black 6 84.jpg,ar_pub,Central Bank of Sudan Official Website Public Asset,PRESERVE,,PRESERVE
CBOS-AST-0510,https://cbos.gov.sd/sites/default/files/styles/publications_255_x_171/public/CBOS%20logo%20Black_6_83.jpg?itok=B19-gQZb,https://cbos.gov.sd/ar/periodicals-publications,CBOS%20logo%20Black_6_83.jpg,cbos-source-assets/original/other/other_510_CBOS%20logo%20Black_6_83.jpg,45432,jpg,other,CATEGORY 1 — OFFICIAL / DOCUMENTARY ASSET,ar,,CBOS%20logo%20Black 6 83.jpg,ar_pub,Central Bank of Sudan Official Website Public Asset,PRESERVE,,PRESERVE
CBOS-AST-0511,https://cbos.gov.sd/sites/default/files/styles/publications_255_x_171/public/CBOS%20logo%20Black_6_81.jpg?itok=JNnD4Kk7,https://cbos.gov.sd/ar/periodicals-publications,CBOS%20logo%20Black_6_81.jpg,cbos-source-assets/original/other/other_511_CBOS%20logo%20Black_6_81.jpg,45432,jpg,other,CATEGORY 1 — OFFICIAL / DOCUMENTARY ASSET,ar,,CBOS%20logo%20Black 6 81.jpg,ar_pub,Central Bank of Sudan Official Website Public Asset,PRESERVE,,PRESERVE
CBOS-AST-0512,https://cbos.gov.sd/sites/default/files/styles/publications_255_x_171/public/CBOS%20logo%20Black_6_80.jpg?itok=acrS7jaX,https://cbos.gov.sd/ar/periodicals-publications,CBOS%20logo%20Black_6_80.jpg,cbos-source-assets/original/other/other_512_CBOS%20logo%20Black_6_80.jpg,45432,jpg,other,CATEGORY 1 — OFFICIAL / DOCUMENTARY ASSET,ar,,CBOS%20logo%20Black 6 80.jpg,ar_pub,Central Bank of Sudan Official Website Public Asset,PRESERVE,,PRESERVE
CBOS-AST-0513,https://cbos.gov.sd/sites/default/files/styles/publications_255_x_171/public/CBOS%20logo%20Black_6_79.jpg?itok=nHBCoerV,https://cbos.gov.sd/ar/periodicals-publications,CBOS%20logo%20Black_6_79.jpg,cbos-source-assets/original/other/other_513_CBOS%20logo%20Black_6_79.jpg,45432,jpg,other,CATEGORY 1 — OFFICIAL / DOCUMENTARY ASSET,ar,,CBOS%20logo%20Black 6 79.jpg,ar_pub,Central Bank of Sudan Official Website Public Asset,PRESERVE,,PRESERVE
CBOS-AST-0514,https://cbos.gov.sd/sites/default/files/styles/publications_255_x_171/public/CBOS%20logo%20Black_6_185.jpg?itok=uEyTiM3w,https://cbos.gov.sd/ar/periodicals-publications,CBOS%20logo%20Black_6_185.jpg,cbos-source-assets/original/other/other_514_CBOS%20logo%20Black_6_185.jpg,45432,jpg,other,CATEGORY 1 — OFFICIAL / DOCUMENTARY ASSET,ar,,CBOS%20logo%20Black 6 185.jpg,ar_pub,Central Bank of Sudan Official Website Public Asset,PRESERVE,,PRESERVE
CBOS-AST-0515,https://cbos.gov.sd/sites/default/files/styles/publications_255_x_171/public/CBOS%20logo%20Black_6_78.jpg?itok=mBQ4pm6P,https://cbos.gov.sd/ar/periodicals-publications,CBOS%20logo%20Black_6_78.jpg,cbos-source-assets/original/other/other_515_CBOS%20logo%20Black_6_78.jpg,45432,jpg,other,CATEGORY 1 — OFFICIAL / DOCUMENTARY ASSET,ar,,CBOS%20logo%20Black 6 78.jpg,ar_pub,Central Bank of Sudan Official Website Public Asset,PRESERVE,,PRESERVE
CBOS-AST-0516,https://cbos.gov.sd/sites/default/files/styles/publications_255_x_171/public/CBOS%20logo%20Black_6_76.jpg?itok=dkcpC2gk,https://cbos.gov.sd/ar/periodicals-publications,CBOS%20logo%20Black_6_76.jpg,cbos-source-assets/original/other/other_516_CBOS%20logo%20Black_6_76.jpg,45432,jpg,other,CATEGORY 1 — OFFICIAL / DOCUMENTARY ASSET,ar,,CBOS%20logo%20Black 6 76.jpg,ar_pub,Central Bank of Sudan Official Website Public Asset,PRESERVE,,PRESERVE
CBOS-AST-0517,https://cbos.gov.sd/sites/default/files/styles/publications_255_x_171/public/CBOS%20logo%20Black_6_75.jpg?itok=t5qJW3yv,https://cbos.gov.sd/ar/periodicals-publications,CBOS%20logo%20Black_6_75.jpg,cbos-source-assets/original/other/other_517_CBOS%20logo%20Black_6_75.jpg,45432,jpg,other,CATEGORY 1 — OFFICIAL / DOCUMENTARY ASSET,ar,,CBOS%20logo%20Black 6 75.jpg,ar_pub,Central Bank of Sudan Official Website Public Asset,PRESERVE,,PRESERVE
CBOS-AST-0518,https://cbos.gov.sd/sites/default/files/styles/publications_255_x_171/public/CBOS%20logo%20Black_6_77.jpg?itok=tAO69YW8,https://cbos.gov.sd/ar/periodicals-publications,CBOS%20logo%20Black_6_77.jpg,cbos-source-assets/original/other/other_518_CBOS%20logo%20Black_6_77.jpg,45432,jpg,other,CATEGORY 1 — OFFICIAL / DOCUMENTARY ASSET,ar,,CBOS%20logo%20Black 6 77.jpg,ar_pub,Central Bank of Sudan Official Website Public Asset,PRESERVE,,PRESERVE
CBOS-AST-0519,https://cbos.gov.sd/sites/default/files/styles/publications_255_x_171/public/CBOS%20logo%20Black_6_73.jpg?itok=J-IYtEvs,https://cbos.gov.sd/ar/periodicals-publications,CBOS%20logo%20Black_6_73.jpg,cbos-source-assets/original/other/other_519_CBOS%20logo%20Black_6_73.jpg,45432,jpg,other,CATEGORY 1 — OFFICIAL / DOCUMENTARY ASSET,ar,,CBOS%20logo%20Black 6 73.jpg,ar_pub,Central Bank of Sudan Official Website Public Asset,PRESERVE,,PRESERVE
CBOS-AST-0520,https://cbos.gov.sd/sites/default/files/styles/publications_255_x_171/public/CBOS%20logo%20Black_6_70.jpg?itok=36NA0gy9,https://cbos.gov.sd/ar/periodicals-publications,CBOS%20logo%20Black_6_70.jpg,cbos-source-assets/original/other/other_520_CBOS%20logo%20Black_6_70.jpg,45432,jpg,other,CATEGORY 1 — OFFICIAL / DOCUMENTARY ASSET,ar,,CBOS%20logo%20Black 6 70.jpg,ar_pub,Central Bank of Sudan Official Website Public Asset,PRESERVE,,PRESERVE
CBOS-AST-0521,https://cbos.gov.sd/sites/default/files/styles/publications_255_x_171/public/CBOS%20logo%20Black_6_72.jpg?itok=RgzfHbcj,https://cbos.gov.sd/ar/periodicals-publications,CBOS%20logo%20Black_6_72.jpg,cbos-source-assets/original/other/other_521_CBOS%20logo%20Black_6_72.jpg,45432,jpg,other,CATEGORY 1 — OFFICIAL / DOCUMENTARY ASSET,ar,,CBOS%20logo%20Black 6 72.jpg,ar_pub,Central Bank of Sudan Official Website Public Asset,PRESERVE,,PRESERVE
CBOS-AST-0522,https://cbos.gov.sd/sites/default/files/styles/publications_255_x_171/public/CBOS%20logo%20Black_6_68.jpg?itok=tU3EhsRV,https://cbos.gov.sd/ar/periodicals-publications,CBOS%20logo%20Black_6_68.jpg,cbos-source-assets/original/other/other_522_CBOS%20logo%20Black_6_68.jpg,45432,jpg,other,CATEGORY 1 — OFFICIAL / DOCUMENTARY ASSET,ar,,CBOS%20logo%20Black 6 68.jpg,ar_pub,Central Bank of Sudan Official Website Public Asset,PRESERVE,,PRESERVE
CBOS-AST-0523,https://cbos.gov.sd/sites/default/files/styles/publications_255_x_171/public/CBOS%20logo%20Black_6_67.jpg?itok=Y-FhZF7e,https://cbos.gov.sd/ar/periodicals-publications,CBOS%20logo%20Black_6_67.jpg,cbos-source-assets/original/other/other_523_CBOS%20logo%20Black_6_67.jpg,45432,jpg,other,CATEGORY 1 — OFFICIAL / DOCUMENTARY ASSET,ar,,CBOS%20logo%20Black 6 67.jpg,ar_pub,Central Bank of Sudan Official Website Public Asset,PRESERVE,,PRESERVE
CBOS-AST-0524,https://cbos.gov.sd/sites/default/files/styles/publications_255_x_171/public/CBOS%20logo%20Black_6_66.jpg?itok=i5ULUicE,https://cbos.gov.sd/ar/periodicals-publications,CBOS%20logo%20Black_6_66.jpg,cbos-source-assets/original/other/other_524_CBOS%20logo%20Black_6_66.jpg,45432,jpg,other,CATEGORY 1 — OFFICIAL / DOCUMENTARY ASSET,ar,,CBOS%20logo%20Black 6 66.jpg,ar_pub,Central Bank of Sudan Official Website Public Asset,PRESERVE,,PRESERVE
CBOS-AST-0525,https://cbos.gov.sd/sites/default/files/styles/publications_255_x_171/public/CBOS%20logo%20Black_6_65.jpg?itok=Fmt6b50L,https://cbos.gov.sd/ar/periodicals-publications,CBOS%20logo%20Black_6_65.jpg,cbos-source-assets/original/other/other_525_CBOS%20logo%20Black_6_65.jpg,45432,jpg,other,CATEGORY 1 — OFFICIAL / DOCUMENTARY ASSET,ar,,CBOS%20logo%20Black 6 65.jpg,ar_pub,Central Bank of Sudan Official Website Public Asset,PRESERVE,,PRESERVE
CBOS-AST-0526,https://cbos.gov.sd/sites/default/files/styles/publications_255_x_171/public/CBOS%20logo%20Black_6_17.jpg?itok=TrldXXgV,https://cbos.gov.sd/ar/periodicals-publications,CBOS%20logo%20Black_6_17.jpg,cbos-source-assets/original/other/other_526_CBOS%20logo%20Black_6_17.jpg,45432,jpg,other,CATEGORY 1 — OFFICIAL / DOCUMENTARY ASSET,ar,,CBOS%20logo%20Black 6 17.jpg,ar_pub,Central Bank of Sudan Official Website Public Asset,PRESERVE,,PRESERVE
CBOS-AST-0527,https://cbos.gov.sd/sites/default/files/styles/publications_255_x_171/public/CBOS%20logo%20Black_6_16.jpg?itok=-QCyls4S,https://cbos.gov.sd/ar/periodicals-publications,CBOS%20logo%20Black_6_16.jpg,cbos-source-assets/original/other/other_527_CBOS%20logo%20Black_6_16.jpg,45432,jpg,other,CATEGORY 1 — OFFICIAL / DOCUMENTARY ASSET,ar,,CBOS%20logo%20Black 6 16.jpg,ar_pub,Central Bank of Sudan Official Website Public Asset,PRESERVE,,PRESERVE
CBOS-AST-0528,https://cbos.gov.sd/sites/default/files/styles/publications_255_x_171/public/CBOS%20logo%20Black_6_15.jpg?itok=q2k9a_I-,https://cbos.gov.sd/ar/periodicals-publications,CBOS%20logo%20Black_6_15.jpg,cbos-source-assets/original/other/other_528_CBOS%20logo%20Black_6_15.jpg,45432,jpg,other,CATEGORY 1 — OFFICIAL / DOCUMENTARY ASSET,ar,,CBOS%20logo%20Black 6 15.jpg,ar_pub,Central Bank of Sudan Official Website Public Asset,PRESERVE,,PRESERVE
CBOS-AST-0529,https://cbos.gov.sd/sites/default/files/styles/publications_255_x_171/public/CBOS%20logo%20Black_6_14.jpg?itok=GrVemWg-,https://cbos.gov.sd/ar/periodicals-publications,CBOS%20logo%20Black_6_14.jpg,cbos-source-assets/original/other/other_529_CBOS%20logo%20Black_6_14.jpg,45432,jpg,other,CATEGORY 1 — OFFICIAL / DOCUMENTARY ASSET,ar,,CBOS%20logo%20Black 6 14.jpg,ar_pub,Central Bank of Sudan Official Website Public Asset,PRESERVE,,PRESERVE
CBOS-AST-0530,https://cbos.gov.sd/sites/default/files/styles/publications_255_x_171/public/CBOS%20logo%20Black_6_13.jpg?itok=axVDZtQ1,https://cbos.gov.sd/ar/periodicals-publications,CBOS%20logo%20Black_6_13.jpg,cbos-source-assets/original/other/other_530_CBOS%20logo%20Black_6_13.jpg,45432,jpg,other,CATEGORY 1 — OFFICIAL / DOCUMENTARY ASSET,ar,,CBOS%20logo%20Black 6 13.jpg,ar_pub,Central Bank of Sudan Official Website Public Asset,PRESERVE,,PRESERVE
CBOS-AST-0531,https://cbos.gov.sd/sites/default/files/styles/publications_255_x_171/public/CBOS%20logo%20Black_6_12.jpg?itok=NjPMTCzE,https://cbos.gov.sd/ar/periodicals-publications,CBOS%20logo%20Black_6_12.jpg,cbos-source-assets/original/other/other_531_CBOS%20logo%20Black_6_12.jpg,45432,jpg,other,CATEGORY 1 — OFFICIAL / DOCUMENTARY ASSET,ar,,CBOS%20logo%20Black 6 12.jpg,ar_pub,Central Bank of Sudan Official Website Public Asset,PRESERVE,,PRESERVE
CBOS-AST-0532,https://cbos.gov.sd/sites/default/files/styles/publications_255_x_171/public/CBOS%20logo%20Black_6_11.jpg?itok=KV4CrlOw,https://cbos.gov.sd/ar/periodicals-publications,CBOS%20logo%20Black_6_11.jpg,cbos-source-assets/original/other/other_532_CBOS%20logo%20Black_6_11.jpg,45432,jpg,other,CATEGORY 1 — OFFICIAL / DOCUMENTARY ASSET,ar,,CBOS%20logo%20Black 6 11.jpg,ar_pub,Central Bank of Sudan Official Website Public Asset,PRESERVE,,PRESERVE
CBOS-AST-0533,https://cbos.gov.sd/sites/default/files/styles/publications_255_x_171/public/CBOS%20logo%20Black_6_10.jpg?itok=AM72_Mse,https://cbos.gov.sd/ar/periodicals-publications,CBOS%20logo%20Black_6_10.jpg,cbos-source-assets/original/other/other_533_CBOS%20logo%20Black_6_10.jpg,45432,jpg,other,CATEGORY 1 — OFFICIAL / DOCUMENTARY ASSET,ar,,CBOS%20logo%20Black 6 10.jpg,ar_pub,Central Bank of Sudan Official Website Public Asset,PRESERVE,,PRESERVE
CBOS-AST-0534,https://cbos.gov.sd/sites/default/files/styles/publications_255_x_171/public/CBOS%20logo%20Black_6_9.jpg?itok=jv4ZQrGy,https://cbos.gov.sd/ar/periodicals-publications,CBOS%20logo%20Black_6_9.jpg,cbos-source-assets/original/other/other_534_CBOS%20logo%20Black_6_9.jpg,45432,jpg,other,CATEGORY 1 — OFFICIAL / DOCUMENTARY ASSET,ar,,CBOS%20logo%20Black 6 9.jpg,ar_pub,Central Bank of Sudan Official Website Public Asset,PRESERVE,,PRESERVE
CBOS-AST-0535,https://cbos.gov.sd/sites/default/files/styles/publications_255_x_171/public/CBOS%20logo%20Black_6_8.jpg?itok=aebcc3SY,https://cbos.gov.sd/ar/periodicals-publications,CBOS%20logo%20Black_6_8.jpg,cbos-source-assets/original/other/other_535_CBOS%20logo%20Black_6_8.jpg,45432,jpg,other,CATEGORY 1 — OFFICIAL / DOCUMENTARY ASSET,ar,,CBOS%20logo%20Black 6 8.jpg,ar_pub,Central Bank of Sudan Official Website Public Asset,PRESERVE,,PRESERVE
CBOS-AST-0536,https://cbos.gov.sd/sites/default/files/styles/publications_255_x_171/public/CBOS%20logo%20Black_6_6.jpg?itok=tqzVQ7PR,https://cbos.gov.sd/ar/periodicals-publications,CBOS%20logo%20Black_6_6.jpg,cbos-source-assets/original/other/other_536_CBOS%20logo%20Black_6_6.jpg,45432,jpg,other,CATEGORY 1 — OFFICIAL / DOCUMENTARY ASSET,ar,,CBOS%20logo%20Black 6 6.jpg,ar_pub,Central Bank of Sudan Official Website Public Asset,PRESERVE,,PRESERVE
CBOS-AST-0537,https://cbos.gov.sd/sites/default/files/styles/publications_255_x_171/public/CBOS%20logo%20Black_6_4.jpg?itok=set_AQUI,https://cbos.gov.sd/ar/periodicals-publications,CBOS%20logo%20Black_6_4.jpg,cbos-source-assets/original/other/other_537_CBOS%20logo%20Black_6_4.jpg,45432,jpg,other,CATEGORY 1 — OFFICIAL / DOCUMENTARY ASSET,ar,,CBOS%20logo%20Black 6 4.jpg,ar_pub,Central Bank of Sudan Official Website Public Asset,PRESERVE,,PRESERVE
CBOS-AST-0538,https://cbos.gov.sd/sites/default/files/styles/publications_255_x_171/public/CBOS%20logo%20Black_6_2.jpg?itok=KS-FoqLH,https://cbos.gov.sd/ar/periodicals-publications,CBOS%20logo%20Black_6_2.jpg,cbos-source-assets/original/other/other_538_CBOS%20logo%20Black_6_2.jpg,45432,jpg,other,CATEGORY 1 — OFFICIAL / DOCUMENTARY ASSET,ar,,CBOS%20logo%20Black 6 2.jpg,ar_pub,Central Bank of Sudan Official Website Public Asset,PRESERVE,,PRESERVE
CBOS-AST-0539,https://cbos.gov.sd/sites/default/files/styles/publications_255_x_171/public/reports.png?itok=00PTDmxJ,https://cbos.gov.sd/ar/periodicals-publications,reports.png,cbos-source-assets/original/other/other_539_reports.png,50806,png,other,CATEGORY 2 — EDITORIAL / ATMOSPHERIC,ar,,reports.png,ar_pub,Central Bank of Sudan Official Website Public Asset,REVIEW,,REVIEW
CBOS-AST-0540,https://cbos.gov.sd/sites/default/files/styles/news_slideshow/public/%D8%A7%D9%84%D8%B4%D8%B9%D8%A7%D8%B1%20%D8%A7%D8%B2%D8%B1%D9%82_14.jpg?itok=_-UirVVv,https://cbos.gov.sd/ar/news,%D8%A7%D9%84%D8%B4%D8%B9%D8%A7%D8%B1%20%D8%A7%D8%B2%D8%B1%D9%82_14.jpg,cbos-source-assets/original/other/other_540_%D8%A7%D9%84%D8%B4%D8%B9%D8%A7%D8%B1%20%D8%A7%D8%B2%D8%B1%D9%82_14.jpg,341225,jpg,other,CATEGORY 2 — EDITORIAL / ATMOSPHERIC,ar,,%D8%A7%D9%84%D8%B4%D8%B9%D8%A7%D8%B1%20%D8%A7%D8%B2%D8%B1%D9%82 14.jpg,ar_news,Central Bank of Sudan Official Website Public Asset,REVIEW,,REVIEW
CBOS-AST-0541,https://cbos.gov.sd/sites/default/files/styles/news_slideshow/public/%D8%A7%D9%84%D8%B4%D8%B9%D8%A7%D8%B1%20%D8%A7%D8%B2%D8%B1%D9%82_11.jpg?itok=cpjZSdUe,https://cbos.gov.sd/ar/news,%D8%A7%D9%84%D8%B4%D8%B9%D8%A7%D8%B1%20%D8%A7%D8%B2%D8%B1%D9%82_11.jpg,cbos-source-assets/original/other/other_541_%D8%A7%D9%84%D8%B4%D8%B9%D8%A7%D8%B1%20%D8%A7%D8%B2%D8%B1%D9%82_11.jpg,341225,jpg,other,CATEGORY 2 — EDITORIAL / ATMOSPHERIC,ar,,%D8%A7%D9%84%D8%B4%D8%B9%D8%A7%D8%B1%20%D8%A7%D8%B2%D8%B1%D9%82 11.jpg,ar_news,Central Bank of Sudan Official Website Public Asset,REVIEW,,REVIEW
CBOS-AST-0542,https://cbos.gov.sd/sites/default/files/styles/news_slideshow/public/%D8%A7%D9%84%D8%B4%D8%B9%D8%A7%D8%B1%20%D8%A7%D8%B2%D8%B1%D9%82_12.jpg?itok=OvgYnBH8,https://cbos.gov.sd/ar/news,%D8%A7%D9%84%D8%B4%D8%B9%D8%A7%D8%B1%20%D8%A7%D8%B2%D8%B1%D9%82_12.jpg,cbos-source-assets/original/other/other_542_%D8%A7%D9%84%D8%B4%D8%B9%D8%A7%D8%B1%20%D8%A7%D8%B2%D8%B1%D9%82_12.jpg,341225,jpg,other,CATEGORY 2 — EDITORIAL / ATMOSPHERIC,ar,,%D8%A7%D9%84%D8%B4%D8%B9%D8%A7%D8%B1%20%D8%A7%D8%B2%D8%B1%D9%82 12.jpg,ar_news,Central Bank of Sudan Official Website Public Asset,REVIEW,,REVIEW
CBOS-AST-0543,https://cbos.gov.sd/sites/default/files/styles/news_page/public/%D8%A7%D9%84%D8%B4%D8%B9%D8%A7%D8%B1%20%D8%A7%D8%B2%D8%B1%D9%82_14.jpg?itok=jSFE-OWM,https://cbos.gov.sd/ar/news,%D8%A7%D9%84%D8%B4%D8%B9%D8%A7%D8%B1%20%D8%A7%D8%B2%D8%B1%D9%82_14.jpg,cbos-source-assets/original/other/other_543_%D8%A7%D9%84%D8%B4%D8%B9%D8%A7%D8%B1%20%D8%A7%D8%B2%D8%B1%D9%82_14.jpg,57689,jpg,other,CATEGORY 2 — EDITORIAL / ATMOSPHERIC,ar,,%D8%A7%D9%84%D8%B4%D8%B9%D8%A7%D8%B1%20%D8%A7%D8%B2%D8%B1%D9%82 14.jpg,ar_news,Central Bank of Sudan Official Website Public Asset,REVIEW,,REVIEW
CBOS-AST-0544,https://cbos.gov.sd/sites/default/files/styles/news_page/public/%D8%A7%D9%84%D8%B4%D8%B9%D8%A7%D8%B1%20%D8%A7%D8%B2%D8%B1%D9%82_11.jpg?itok=bSdQTndI,https://cbos.gov.sd/ar/news,%D8%A7%D9%84%D8%B4%D8%B9%D8%A7%D8%B1%20%D8%A7%D8%B2%D8%B1%D9%82_11.jpg,cbos-source-assets/original/other/other_544_%D8%A7%D9%84%D8%B4%D8%B9%D8%A7%D8%B1%20%D8%A7%D8%B2%D8%B1%D9%82_11.jpg,57689,jpg,other,CATEGORY 2 — EDITORIAL / ATMOSPHERIC,ar,,%D8%A7%D9%84%D8%B4%D8%B9%D8%A7%D8%B1%20%D8%A7%D8%B2%D8%B1%D9%82 11.jpg,ar_news,Central Bank of Sudan Official Website Public Asset,REVIEW,,REVIEW
CBOS-AST-0545,https://cbos.gov.sd/sites/default/files/styles/news_page/public/%D8%A7%D9%84%D8%B4%D8%B9%D8%A7%D8%B1%20%D8%A7%D8%B2%D8%B1%D9%82_12.jpg?itok=9IshJ2zW,https://cbos.gov.sd/ar/news,%D8%A7%D9%84%D8%B4%D8%B9%D8%A7%D8%B1%20%D8%A7%D8%B2%D8%B1%D9%82_12.jpg,cbos-source-assets/original/other/other_545_%D8%A7%D9%84%D8%B4%D8%B9%D8%A7%D8%B1%20%D8%A7%D8%B2%D8%B1%D9%82_12.jpg,57689,jpg,other,CATEGORY 2 — EDITORIAL / ATMOSPHERIC,ar,,%D8%A7%D9%84%D8%B4%D8%B9%D8%A7%D8%B1%20%D8%A7%D8%B2%D8%B1%D9%82 12.jpg,ar_news,Central Bank of Sudan Official Website Public Asset,REVIEW,,REVIEW
CBOS-AST-0546,https://cbos.gov.sd/sites/default/files/styles/news_page/public/Logo%2001_1.jpg?itok=b68gesSS,https://cbos.gov.sd/ar/news,Logo%2001_1.jpg,cbos-source-assets/original/other/other_546_Logo%2001_1.jpg,102774,jpg,other,CATEGORY 1 — OFFICIAL / DOCUMENTARY ASSET,ar,,Logo%2001 1.jpg,ar_news,Central Bank of Sudan Official Website Public Asset,PRESERVE,,PRESERVE
CBOS-AST-0547,https://cbos.gov.sd/sites/default/files/styles/news_page/public/IMG-20260816-WA0096.jpg?itok=Sh4AziTH,https://cbos.gov.sd/ar/news,IMG-20260816-WA0096.jpg,cbos-source-assets/original/other/other_547_IMG-20260816-WA0096.jpg,64842,jpg,other,CATEGORY 2 — EDITORIAL / ATMOSPHERIC,ar,,IMG 20260816 WA0096.jpg,ar_news,Central Bank of Sudan Official Website Public Asset,REVIEW,,REVIEW
CBOS-AST-0548,https://cbos.gov.sd/sites/default/files/styles/news_page/public/%D8%A7%D9%84%D8%B4%D8%B9%D8%A7%D8%B1%20%D8%A7%D8%B2%D8%B1%D9%82_9.jpg?itok=OWdLX24P,https://cbos.gov.sd/ar/news,%D8%A7%D9%84%D8%B4%D8%B9%D8%A7%D8%B1%20%D8%A7%D8%B2%D8%B1%D9%82_9.jpg,cbos-source-assets/original/other/other_548_%D8%A7%D9%84%D8%B4%D8%B9%D8%A7%D8%B1%20%D8%A7%D8%B2%D8%B1%D9%82_9.jpg,57689,jpg,other,CATEGORY 2 — EDITORIAL / ATMOSPHERIC,ar,,%D8%A7%D9%84%D8%B4%D8%B9%D8%A7%D8%B1%20%D8%A7%D8%B2%D8%B1%D9%82 9.jpg,ar_news,Central Bank of Sudan Official Website Public Asset,REVIEW,,REVIEW
